,data_size,data_id,current_number_of_obs,n_steps,list_steps,mmd,median,median_rmse,contractions,rel_contraction
0,1,0,1,43,"[0.01       0.01022966 0.01128611 0.01186726 0.01336497 0.01237078
 0.01373611 0.01343347 0.01292839 0.01320661 0.01331597 0.01444496
 0.01544011 0.01664779 0.01732892 0.01599436 0.01626614 0.01856936
 0.01956518 0.01902394 0.01971046 0.01918141 0.01961772 0.02118836
 0.01933514 0.02008022 0.01844097 0.01856975 0.02028912 0.01988825
 0.02014752 0.0196438  0.02252015 0.02623369 0.02916554 0.02901003
 0.03211956 0.03742918 0.0393981  0.04930054 0.05901227 0.07817138
 0.07252661]",0.021515182394268306,"[-0.16648245 -0.01358702  0.10404909  0.11752738  0.25334743 -0.09314546
  0.0387597  -0.07538059  0.07423553  0.12036753]",0.054494580926405,"[0.00954906 0.1845632  0.36393984 0.48050324 0.49046159 0.08208139
 0.35947973 0.27221704 0.4823541  0.5079089 ]",0.6466116178780796
1,1,1,1,43,"[0.01       0.01022857 0.01128321 0.01186465 0.01336152 0.01236773
 0.01373556 0.01343898 0.01293824 0.01320612 0.01332366 0.01444364
 0.01542525 0.01663968 0.01727158 0.01598988 0.01625408 0.0185178
 0.01937123 0.01877044 0.01962987 0.01915221 0.01946883 0.02093257
 0.01921174 0.0201805  0.01901424 0.01855811 0.02078885 0.01964434
 0.02128537 0.02105973 0.02310885 0.02733021 0.03050525 0.03118975
 0.03384577 0.04118999 0.03846239 0.04695815 0.04726433 0.05901035
 0.09377669]",0.006491124279838445,"[-0.03549628  0.07316101 -0.01311272 -0.11300784 -0.01771466  0.06706615
  0.16189332  0.01689422 -0.02474624 -0.067844  ]",0.028179834657228404,"[-0.01238824  0.19115705  0.32681895  0.39921587  0.43492888  0.05776167
  0.32791861  0.27633787  0.48874153  0.46117117]",0.5903326701372864
2,10,0,1,123,"[0.00317933 0.00272249 0.00339088 0.00302596 0.002693   0.00311814
 0.00273305 0.00330704 0.00278093 0.00319815 0.00289868 0.00305398
 0.00293432 0.00314043 0.0030897  0.00309637 0.00316209 0.00303214
 0.00315149 0.00326457 0.00309837 0.00325916 0.00323044 0.00353942
 0.00314065 0.00362603 0.00303797 0.00373397 0.003244   0.00378568
 0.0032682  0.00351274 0.00347068 0.00371384 0.00339154 0.00343962
 0.00392939 0.00345242 0.00432264 0.00406906 0.00361617 0.00402674
 0.00352675 0.00424395 0.00370358 0.00418299 0.00381544 0.0038588
 0.00420156 0.00389842 0.00396252 0.00428534 0.00415796 0.00425767
 0.00409049 0.00458629 0.00402314 0.00551585 0.00585937 0.00464329
 0.0043897  0.00464873 0.00456597 0.00472767 0.00434472 0.00628305
 0.00509015 0.00456247 0.00521795 0.00490749 0.00567354 0.00501621
 0.0061222  0.00562958 0.00544216 0.00568641 0.00574096 0.00559445
 0.00582378 0.0058257  0.00613623 0.00602406 0.00565708 0.00789763
 0.00858833 0.00639928 0.00678983 0.00680792 0.00739448 0.00680152
 0.00788982 0.00724409 0.00691596 0.01144778 0.00782483 0.00886442
 0.00802182 0.00926782 0.00878648 0.00945826 0.0097479  0.00937694
 0.01069005 0.01056449 0.01092439 0.01171876 0.01297186 0.01176813
 0.01473582 0.01378661 0.01320621 0.0244238  0.02705143 0.02487567
 0.01829476 0.0283607  0.01826766 0.03679259 0.03702671 0.03020942
 0.04581625 0.06779514 0.03638931]",0.07935822836028894,"[-0.04615953 -0.1125536   0.11353062  0.35879964  0.2857555  -0.02117013
  0.03854691 -0.06921799 -0.04388095  0.1348631 ]",0.09259648823084816,"[0.71010427 0.8199434  0.93824096 0.92919278 0.95237936 0.87887137
 0.93934243 0.93057756 0.97336151 0.96434878]",0.9939998653368093
3,10,0,5,23,"[0.01       0.01382448 0.02131516 0.01823151 0.02864414 0.02003411
 0.03587243 0.03544109 0.02553599 0.03048326 0.03084025 0.03025059
 0.03828286 0.0472218  0.04400882 0.04434307 0.03992277 0.07039198
 0.04823119 0.08078279 0.07083018 0.12442231 0.09108923]",0.049524053377487665,"[-0.04071479 -0.08211662  0.06011023  0.28320003  0.23021469 -0.00653547
  0.0341514  -0.06743814 -0.04398842  0.12758923]",0.07327861786933637,"[0.3329389  0.61215928 0.77883557 0.86941307 0.78085482 0.60044203
 0.80242418 0.71039968 0.80756502 0.81269543]",0.7818500774679705
4,10,0,10,43,"[0.01       0.01023036 0.01128785 0.0118701  0.01337024 0.01237436
 0.01374016 0.01343887 0.01293087 0.01321001 0.01332111 0.0144421
 0.01544072 0.01665649 0.01730572 0.01597718 0.01626981 0.01860403
 0.01962386 0.01910695 0.01984602 0.01939254 0.01974021 0.02149672
 0.01975693 0.02055559 0.01859925 0.01868601 0.020659   0.02018494
 0.02074575 0.020861   0.02434247 0.0275081  0.03202806 0.03330707
 0.03645714 0.04412378 0.04786212 0.05297703 0.06609922 0.09733714
 0.00823312]",0.06210399440793091,"[-0.02516354 -0.09898178  0.08651394  0.32752734  0.26261035 -0.04042891
  0.03818831 -0.09391305 -0.05580885  0.1401231 ]",0.08138045920861625,"[0.12001146 0.45443589 0.58911403 0.7011866  0.65613279 0.3086962
 0.68859586 0.55643704 0.66766674 0.70792157]",0.5995218003168702
5,10,1,1,123,"[0.00317932 0.00272249 0.00339064 0.00302506 0.00269347 0.00311703
 0.00273214 0.00330775 0.00278223 0.00319616 0.00289892 0.00305261
 0.0029348  0.00313879 0.00309163 0.0030953  0.00316386 0.00303206
 0.00315241 0.00326368 0.00309913 0.00325886 0.00323203 0.00353811
 0.00314061 0.00362575 0.0030364  0.00373956 0.00324623 0.00378447
 0.00326928 0.00351    0.00347211 0.00371224 0.00339118 0.00343947
 0.00392536 0.00345252 0.00431977 0.00405712 0.00360666 0.00405242
 0.00352736 0.00423989 0.00370061 0.00418294 0.00381246 0.00386302
 0.00418805 0.00392149 0.0039362  0.00432037 0.0041535  0.00425714
 0.0040893  0.00458227 0.00402546 0.0055083  0.00597282 0.00443813
 0.00460075 0.00442997 0.00470581 0.00464473 0.00444229 0.00586798
 0.00828029 0.0062431  0.0077067  0.00505636 0.00566593 0.00511861
 0.00618352 0.00551236 0.00584132 0.00567427 0.00588059 0.00563554
 0.00619286 0.0056732  0.00666792 0.0059422  0.00608298 0.00709759
 0.006196   0.00754269 0.00708125 0.00662299 0.00798448 0.00724359
 0.00779083 0.00746352 0.00727713 0.01065091 0.00801381 0.00883779
 0.00852182 0.0093139  0.00888146 0.01037611 0.00984927 0.00906287
 0.01115498 0.01083847 0.01227182 0.01319635 0.01152945 0.01424085
 0.01344402 0.01507691 0.01621525 0.01659247 0.01499879 0.02337866
 0.01514764 0.02852705 0.02948847 0.03018466 0.03557228 0.03262692
 0.04490346 0.06406119 0.04309401]",0.04827133405885742,"[-0.12021864  0.22839922  0.0178946  -0.07453363 -0.02875044  0.15486023
  0.21260433 -0.05302502  0.00883675 -0.12068808]",0.07078244077718669,"[0.62818944 0.89419961 0.92848355 0.96028102 0.95291733 0.86501789
 0.9372457  0.93738024 0.95725352 0.95960232]",0.9922627686697524
6,10,1,5,22,"[0.01       0.01382008 0.02129794 0.01819639 0.02885628 0.02023447
 0.03413748 0.02790716 0.03125963 0.046102   0.04684887 0.04320188
 0.04257938 0.05857284 0.05474873 0.05524968 0.05920178 0.08176562
 0.07558408 0.07727938 0.11825696 0.03489944]",0.04833660232180681,"[-0.10484991  0.23827893  0.05323703 -0.04681971 -0.02225126  0.15850984
  0.2720719  -0.05703124  0.0570462  -0.12494026]",0.07197471586552029,"[0.29056428 0.70453167 0.77544269 0.83511247 0.82154444 0.69234946
 0.85534023 0.79709983 0.80794964 0.85076694]",0.8173771824454888
7,10,1,10,43,"[0.01       0.01022899 0.01128424 0.01186584 0.01335854 0.01236511
 0.01373225 0.01343794 0.01293114 0.01319917 0.01332057 0.01444625
 0.01543301 0.01667355 0.0173225  0.01600981 0.0162799  0.0185441
 0.01944693 0.01886158 0.01967249 0.01926717 0.01947995 0.02078965
 0.019083   0.0201894  0.01879732 0.01854109 0.02090843 0.01969577
 0.02171929 0.02193898 0.02416463 0.02822951 0.03131184 0.0320611
 0.03543057 0.04016902 0.04119876 0.05159121 0.06001022 0.07915349
 0.04785584]",0.01971144371070266,"[-0.07394969  0.17711143  0.05518253 -0.03184371 -0.01043871  0.12049112
  0.19953251 -0.0421206   0.0455047  -0.09694456]",0.044751938909760536,"[0.19589004 0.5176034  0.68907819 0.79558131 0.75509169 0.44586512
 0.77212972 0.67082813 0.8001324  0.81032183]",0.7097774006193504
8,100,0,1,1271,[0.00028441 0.00027976 0.00028013 ... 0.0001246  0.00427292 0.00174056],0.057970898204289245,"[ 0.01067191 -0.08485669  0.09724228  0.3044259   0.1642623  -0.01662461
  0.13782085 -0.08034946 -0.03668388  0.0640536 ]",0.07776952629836544,"[0.94847433 0.96217169 0.98246085 0.95873222 0.99196382 0.97505738
 0.99815658 0.97890379 0.99710296 0.99315915]",0.9884044613503283
9,100,0,5,267,"[0.00135003 0.00145296 0.00134193 0.00135919 0.00136648 0.00141113
 0.00136065 0.00145807 0.00130412 0.00152571 0.00138401 0.00138447
 0.0014618  0.00131713 0.00163986 0.00140197 0.0015245  0.00142764
 0.00140134 0.00153227 0.00139586 0.00148968 0.00148001 0.00155371
 0.00140766 0.00160276 0.0014066  0.00153486 0.00146955 0.00158807
 0.0015057  0.0014451  0.00152745 0.00154963 0.00146905 0.00150452
 0.00163513 0.00148313 0.00174626 0.0015166  0.00158496 0.00149713
 0.00155336 0.00145012 0.00196824 0.00241363 0.00161725 0.00151561
 0.00171102 0.00152048 0.00159537 0.00162892 0.00171227 0.0015787
 0.00161461 0.00163727 0.00159127 0.00188615 0.00162655 0.00161822
 0.00169757 0.00162096 0.00167341 0.00169491 0.00158025 0.00197328
 0.00173432 0.00160515 0.00166074 0.00173206 0.00175567 0.00178537
 0.0016826  0.00175531 0.00183287 0.00177715 0.00180039 0.00174119
 0.00178296 0.00175369 0.00185969 0.00181635 0.00171391 0.00198384
 0.00171076 0.00198134 0.00175512 0.00204205 0.00179038 0.00186803
 0.00189278 0.00190097 0.00183155 0.00229456 0.00238859 0.00280404
 0.0017978  0.00209724 0.00186962 0.00210205 0.00184595 0.00208131
 0.00189527 0.00195138 0.00203326 0.00199264 0.001968   0.00205171
 0.00216645 0.00199921 0.00205355 0.00196059 0.00210602 0.00214112
 0.00205716 0.002157   0.00216573 0.00209848 0.00223518 0.00207269
 0.0021781  0.00218985 0.00228249 0.00203759 0.00252737 0.00224447
 0.00241602 0.00212734 0.00214151 0.00240988 0.00221949 0.00225282
 0.00237566 0.00219724 0.00231486 0.00229955 0.00254446 0.00237251
 0.00251915 0.00236513 0.00254625 0.0024231  0.0026772  0.00238565
 0.00277872 0.00243645 0.00256954 0.00253529 0.00247097 0.00244071
 0.00290617 0.00251804 0.00281892 0.00258074 0.00250749 0.0028781
 0.0026027  0.00289737 0.00267209 0.00296199 0.00263482 0.0030726
 0.00278366 0.00295983 0.00283349 0.00286578 0.00289954 0.00313224
 0.00279855 0.00291911 0.00331399 0.00300073 0.00308023 0.0031382
 0.00324929 0.00310997 0.00358496 0.0032908  0.00323674 0.00346209
 0.0033289  0.0032354  0.00326723 0.00350698 0.00343152 0.00351399
 0.00345066 0.00348721 0.00301064 0.00441933 0.00408107 0.00360642
 0.00365338 0.00360118 0.00376273 0.00393202 0.00372559 0.00436419
 0.00384353 0.00367653 0.00437395 0.00393844 0.0046122  0.0041511
 0.0043594  0.00416635 0.004435   0.00457507 0.00425471 0.00473758
 0.00457789 0.00450891 0.00447367 0.00443177 0.00439968 0.00479097
 0.00485766 0.00510888 0.00474093 0.00558722 0.00474869 0.00544806
 0.00523696 0.00560167 0.00497422 0.00533593 0.00677702 0.00520976
 0.00608072 0.00540366 0.00732898 0.00572674 0.0073483  0.00622501
 0.00658571 0.00660339 0.00868176 0.00623217 0.00676151 0.00892384
 0.0072452  0.00676803 0.00800038 0.00672775 0.00729233 0.01502446
 0.01523522 0.01845124 0.01704748 0.01538143 0.01398275 0.01503748
 0.00952195 0.0114314  0.00994407 0.00907282 0.01090352 0.01486105
 0.02264135 0.02352953 0.00799942 0.01648225 0.00918025 0.01289969
 0.01309464 0.02044852 0.00538122]",0.047123248591780076,"[ 0.05534971 -0.06869872  0.09757309  0.33854288  0.1823113  -0.04112195
  0.123101   -0.07663107 -0.0376176   0.08593643]",0.0688284355367735,"[0.8355485  0.92723831 0.97844921 0.99839196 0.97419378 0.93669894
 0.99793303 0.97006442 0.99443783 0.99816312]",0.9707230282337695
10,100,0,10,131,"[0.0031785  0.00272238 0.00339092 0.00302698 0.00269252 0.00311755
 0.00273261 0.00330529 0.00277931 0.0031994  0.00289842 0.00305285
 0.00293456 0.0031364  0.00309225 0.00309256 0.00316454 0.00303125
 0.00315011 0.00326316 0.00309701 0.00325829 0.00322682 0.00354022
 0.00314095 0.00362218 0.00303719 0.00372962 0.0032419  0.00378274
 0.0032672  0.00351035 0.00346908 0.00371005 0.00338833 0.00343697
 0.00392291 0.00344706 0.00431969 0.00407964 0.00362276 0.00397462
 0.00353419 0.00422308 0.00368231 0.00419276 0.0038012  0.00386519
 0.00416646 0.00392485 0.00392491 0.00430594 0.0041345  0.00426164
 0.00407666 0.004589   0.00402539 0.00544835 0.00630965 0.00410624
 0.00514096 0.00475852 0.00449548 0.00477594 0.00430548 0.00633233
 0.00491996 0.00483618 0.00487773 0.00505281 0.00525226 0.00527927
 0.00512914 0.00532958 0.00565013 0.00544169 0.00564741 0.00547052
 0.00571115 0.00579837 0.00583174 0.00608055 0.00563048 0.00741672
 0.00723661 0.0068348  0.00628082 0.00771267 0.00740405 0.0066155
 0.00770975 0.00705764 0.00652698 0.01174169 0.00939892 0.0092577
 0.00842138 0.00808873 0.00872109 0.00805429 0.00918473 0.00920013
 0.00935765 0.00939199 0.00983073 0.01035478 0.01026349 0.01002818
 0.01124322 0.01072608 0.01403103 0.01103641 0.01427971 0.01351465
 0.01460657 0.01207909 0.01438574 0.01328022 0.01720145 0.01929614
 0.01670729 0.02617937 0.02577893 0.02633345 0.01961031 0.02530861
 0.02708145 0.02682977 0.02791353 0.03653073 0.0268481 ]",0.0465278269587408,"[ 0.0302544  -0.0697915   0.07081576  0.28797013  0.15191953 -0.02350527
  0.10309431 -0.07649364 -0.03352647  0.07575823]",0.06821896269815268,"[0.76396686 0.88844794 0.95054451 0.9836426  0.950144   0.90601174
 0.98172822 0.95247346 0.97070987 0.98602997]",0.9427036168848281
11,100,0,20,64,"[0.01       0.00821651 0.00589266 0.00693504 0.00584836 0.00855734
 0.00637636 0.00729696 0.00637208 0.00861775 0.00962659 0.0065726
 0.0076351  0.00691055 0.00871632 0.0083341  0.00711608 0.008356
 0.00723506 0.00925595 0.00824074 0.00914025 0.007594   0.01398096
 0.01097187 0.01577533 0.01536231 0.01084544 0.00984463 0.01206696
 0.01148723 0.01100491 0.01115747 0.01301147 0.01229552 0.01219396
 0.01427578 0.01360218 0.01382609 0.01530012 0.01475676 0.01557602
 0.0152639  0.0181277  0.01610078 0.02287542 0.01797551 0.02792187
 0.01958928 0.02794422 0.02256355 0.02979287 0.02300386 0.03431702
 0.03951577 0.03173436 0.02800979 0.04549673 0.03052644 0.06321894
 0.00052238 0.00811487 0.02084284 0.03036051]",0.04819524134321784,"[ 0.03097485 -0.07466623  0.06940565  0.2917466   0.14928669 -0.02277983
  0.09944509 -0.07632186 -0.03245848  0.07377271]",0.06919712186194145,"[0.64678416 0.83929237 0.93956999 0.97600117 0.92398196 0.81170137
 0.97413945 0.90936484 0.96625516 0.98334181]",0.9060136608424363
12,100,0,50,24,"[0.01       0.0138239  0.02131068 0.01821815 0.02867156 0.02004087
 0.03567651 0.03462735 0.02501678 0.03247565 0.04469943 0.03977194
 0.04473561 0.03997155 0.0430756  0.04476757 0.04696859 0.06997238
 0.0556346  0.0689109  0.05290503 0.07942953 0.09472927 0.03456649]",0.08536978458289424,"[ 0.03289632 -0.10876067  0.08939636  0.38481063  0.18809743 -0.02383032
  0.1276603  -0.11280784 -0.05686764  0.09200095]",0.0930958520119291,"[0.32985948 0.66292612 0.81494178 0.92898655 0.84964198 0.6744693
 0.87188146 0.75989305 0.91206691 0.90788583]",0.7789677978865802
13,100,0,100,42,"[0.01       0.01023018 0.01128794 0.01187006 0.01337073 0.01237362
 0.01374067 0.01344007 0.01292727 0.01320995 0.01332084 0.01443919
 0.01543008 0.01664982 0.0172943  0.01596618 0.01626586 0.01861278
 0.01964412 0.01910367 0.01990963 0.01952195 0.019777   0.02151454
 0.0198338  0.02071535 0.01859861 0.01879912 0.02096405 0.02040598
 0.0210144  0.0213112  0.02453082 0.02784084 0.03258579 0.03486935
 0.03757321 0.04499649 0.04680613 0.05834987 0.07188667 0.08901781]",0.05582921151354414,"[ 0.01473164 -0.08976176  0.0717912   0.2891541   0.1421194  -0.01047666
  0.10084231 -0.08848725 -0.03695139  0.06788276]",0.07741125191591951,"[0.16864671 0.52839455 0.66976119 0.7188692  0.68928781 0.41055137
 0.76337394 0.6310889  0.71131107 0.76021692]",0.611201666216366
14,100,1,1,1263,[0.00028443 0.00027976 0.00028015 ... 0.00793177 0.00639298 0.00204327],0.06376934613258656,"[-0.17394122  0.05855953  0.01622802 -0.01498852 -0.00624269  0.16901386
  0.12285244 -0.09708746 -0.02872544 -0.12144127]",0.08053725552891862,"[0.91375565 0.95487248 0.99062922 0.9990457  0.99324749 0.9611541
 0.99814968 0.98766643 0.99254902 0.99907038]",0.9888041541191888
15,100,1,5,265,"[0.00135119 0.00145261 0.00134214 0.00135872 0.00136745 0.00141076
 0.00136112 0.00145715 0.00130466 0.0015251  0.00138373 0.00138428
 0.00146186 0.00131711 0.00163996 0.00140242 0.00152413 0.00142844
 0.00140076 0.00153232 0.00139604 0.00148962 0.00147995 0.00155377
 0.00140778 0.00160225 0.00140635 0.00153546 0.00146879 0.00158925
 0.00150572 0.0014449  0.00152777 0.00154969 0.00146881 0.00150425
 0.00163476 0.00148338 0.00174551 0.00151567 0.00158721 0.0014959
 0.00155415 0.00144867 0.00197279 0.00224386 0.00158619 0.00152327
 0.00169975 0.00152066 0.00159299 0.00163022 0.00170837 0.00157706
 0.00161331 0.00163775 0.00158896 0.00188589 0.00162742 0.00161347
 0.00170383 0.00162283 0.00167173 0.00169641 0.00158079 0.0019693
 0.00172638 0.00161429 0.00165114 0.00173458 0.00175152 0.00178431
 0.00168153 0.00175594 0.00182888 0.00177571 0.00179969 0.00173977
 0.00178255 0.00175107 0.00186147 0.0018111  0.00171274 0.00198367
 0.00171093 0.0019821  0.00175279 0.00204204 0.00178719 0.00187009
 0.00188944 0.00190031 0.00183156 0.00228746 0.00233522 0.00290224
 0.00191897 0.00191469 0.00199067 0.00200508 0.00190938 0.00200498
 0.00195121 0.00184156 0.00210184 0.00192761 0.00207104 0.00201569
 0.00221089 0.00201834 0.0020465  0.00196106 0.00210019 0.0021427
 0.00206462 0.00214242 0.00217012 0.0020922  0.0022507  0.00207117
 0.0021805  0.00217531 0.00230389 0.00204299 0.00251784 0.00223141
 0.00244141 0.00216063 0.00212406 0.00243482 0.00221923 0.00224266
 0.00238791 0.00220072 0.0023264  0.00227335 0.00257552 0.00233687
 0.00257658 0.0023168  0.00265411 0.00241012 0.0027045  0.0024005
 0.00272425 0.00237546 0.00269248 0.0024409  0.00252665 0.00240517
 0.00297684 0.00266728 0.00267797 0.00258424 0.00250961 0.00288369
 0.00259829 0.00289759 0.00268056 0.00295832 0.00260073 0.00318587
 0.00290311 0.00280346 0.00289389 0.00277882 0.00288598 0.00309693
 0.00283272 0.00293405 0.00328066 0.00299458 0.00310812 0.00311032
 0.00333353 0.00318269 0.00346505 0.00321239 0.00323253 0.00345779
 0.00332325 0.00330368 0.00322156 0.00374225 0.00332318 0.00376488
 0.00331893 0.00356287 0.00313773 0.00413539 0.00384495 0.00363246
 0.00356496 0.00370502 0.00367233 0.00392925 0.00376318 0.00409203
 0.0038434  0.00380162 0.00417233 0.00400515 0.00450358 0.00412471
 0.00434599 0.00421967 0.00415629 0.00461955 0.00425357 0.00465565
 0.00438757 0.0047581  0.00435267 0.00512343 0.00465023 0.00460852
 0.00487077 0.00552149 0.004966   0.00504079 0.00512124 0.00536
 0.00478296 0.00720272 0.00506687 0.00605974 0.00518215 0.00579087
 0.00542235 0.00640648 0.00547963 0.00553966 0.00641172 0.00771392
 0.00591824 0.00698142 0.00831172 0.00599287 0.00886934 0.01008867
 0.0068088  0.00742058 0.00758261 0.01009968 0.0141418  0.0136791
 0.01226951 0.01119625 0.01515369 0.01270558 0.01344632 0.01496892
 0.01394277 0.01446212 0.00841414 0.00954373 0.01033605 0.01017836
 0.01689054 0.01798028 0.01437866 0.01916207 0.02279276 0.02945845
 0.01410504]",0.04536176533539793,"[-0.09695937  0.19030556  0.11492564 -0.00062823  0.06229324  0.15214986
  0.23079428 -0.08540692  0.01996272 -0.19712213]",0.06725071605667707,"[0.8061936  0.93628514 0.97051716 0.99598184 0.97383337 0.91769047
 0.99506936 0.96948774 0.98964836 0.99531397]",0.9645521209223806
16,100,1,10,131,"[0.0031788  0.00272224 0.00339038 0.00302482 0.00269307 0.00311667
 0.00273213 0.00330513 0.00278005 0.00319785 0.00289865 0.00305105
 0.00293492 0.00313506 0.00309409 0.00309083 0.00316678 0.00303197
 0.00315105 0.00326256 0.0030975  0.00325846 0.00322683 0.00354037
 0.00314173 0.003619   0.00303458 0.00373724 0.00324568 0.00378
 0.00326805 0.003507   0.00347148 0.00370704 0.00338652 0.00343736
 0.0039187  0.00344578 0.00431782 0.0040751  0.00361918 0.0039818
 0.00353372 0.00421933 0.00367955 0.00419036 0.00380349 0.00385569
 0.00418164 0.00391726 0.00392173 0.0043085  0.00414298 0.00424667
 0.00407721 0.00458899 0.00403108 0.00542385 0.00687203 0.00465116
 0.00437605 0.00462442 0.00458505 0.00467354 0.00435035 0.00609521
 0.00584064 0.0066374  0.00501112 0.00499357 0.0054553  0.00527229
 0.00522482 0.00537184 0.00564658 0.00546585 0.0057293  0.00546328
 0.0059613  0.00552097 0.00645577 0.0058066  0.00578808 0.00725309
 0.00647405 0.0067151  0.00617796 0.00797361 0.00789572 0.00773782
 0.00721254 0.00716434 0.00667747 0.01029616 0.00725184 0.00990442
 0.00884996 0.00782099 0.00938673 0.00863133 0.00850892 0.00955926
 0.00918378 0.00980077 0.0093472  0.01074369 0.00935207 0.0111357
 0.01112249 0.0112829  0.01059677 0.01296405 0.01245046 0.01361264
 0.01046141 0.01818766 0.01285886 0.01334251 0.01597802 0.02065771
 0.01496854 0.02417187 0.01541279 0.01619782 0.02846284 0.02868952
 0.02360105 0.03152677 0.04118561 0.04015163 0.02029109]",0.03931446815430295,"[-0.1095231   0.17599961  0.10918536  0.00413731  0.06179439  0.1418716
  0.23042803 -0.08122402  0.01984121 -0.1757884 ]",0.06264795622184784,"[0.72765222 0.90462019 0.95235178 0.98111463 0.95742805 0.8884896
 0.98641719 0.96017902 0.97655674 0.98418733]",0.9412186717434088
17,100,1,20,60,"[0.01       0.00821835 0.00588758 0.0069456  0.00585776 0.00851028
 0.00639242 0.00724391 0.00636139 0.00864802 0.00905641 0.00760223
 0.00637526 0.01100877 0.00757979 0.00702918 0.00887072 0.007981
 0.00756054 0.00846604 0.00812613 0.00950832 0.00837118 0.01050683
 0.01142167 0.01211056 0.00962421 0.00912131 0.0121034  0.01824638
 0.02039218 0.02074149 0.01990783 0.01711667 0.01291514 0.01380758
 0.0139858  0.01588249 0.01482981 0.01579583 0.01632019 0.01699531
 0.0179138  0.01742038 0.01974059 0.02010461 0.02026844 0.02822947
 0.02401641 0.02553774 0.02626492 0.03335292 0.03636987 0.03096795
 0.03154052 0.03550253 0.04267782 0.04718863 0.06817796 0.01130005]",0.08472803193215084,"[-0.10432153  0.22786054  0.1471563   0.01989836  0.07615136  0.16775435
  0.29126817 -0.1192331   0.03254152 -0.22592974]",0.09233220717399873,"[0.61976535 0.86791466 0.90358715 0.96852956 0.93047187 0.81860562
 0.95814791 0.9276717  0.95683929 0.96606089]",0.9006769939057995
18,100,1,50,23,"[0.01       0.01382164 0.02130549 0.01821517 0.02864233 0.02001358
 0.03586018 0.03539892 0.02531024 0.03129907 0.03326924 0.03435047
 0.03873716 0.04674137 0.04325126 0.04366844 0.04206506 0.07962354
 0.09555359 0.06417872 0.07335149 0.10556074 0.0597823 ]",0.020031391009136312,"[-0.08868606  0.1568687   0.09377539  0.0079246   0.05923534  0.12311432
  0.2049801  -0.08947931  0.02653286 -0.13701598]",0.04694075412567026,"[0.32093499 0.73396091 0.83105046 0.87344859 0.78915537 0.65060048
 0.88081837 0.79728693 0.87421621 0.87350164]",0.7701223704055883
19,100,1,100,42,"[0.01       0.01022929 0.01128507 0.01186678 0.01336042 0.01236649
 0.01373518 0.01343966 0.01293053 0.01320145 0.01332424 0.01444777
 0.01543845 0.01668359 0.01732977 0.01603329 0.01631357 0.01859137
 0.01951482 0.01894321 0.01974075 0.01936666 0.01960527 0.02086167
 0.01904266 0.02021925 0.0187242  0.0186085  0.0209774  0.01980169
 0.02189523 0.02253189 0.02536704 0.02965063 0.03284664 0.03385752
 0.0373982  0.04414065 0.04825209 0.06108014 0.07366677 0.08333023]",0.018879146757485143,"[-0.08763662  0.14741123  0.10477947  0.00930396  0.04773913  0.10762636
  0.19436616 -0.09054665  0.02162779 -0.15168615]",0.0452553147097981,"[0.12148556 0.49105312 0.62876311 0.66407858 0.62735344 0.33732236
 0.69249924 0.56868077 0.6664722  0.72106742]",0.5573963554482907
20,1000,0,1,2500,"[3.5774472e-05 3.0926978e-05 3.0693594e-05 ... 3.6300742e-05 3.6950845e-05
 3.6702699e-05]",0.14365559206677614,"[-0.00222744  0.00312855 -0.00432837 -0.00594284 -0.00367126 -0.00468041
 -0.00096106 -0.00546046 -0.00112864  0.00693887]",0.12203605525652843,"[0.99859752 0.99904681 0.99902021 0.99897054 0.99893022 0.99881317
 0.99877924 0.99906158 0.99895045 0.99926812]",0.9999427312193582
21,1000,0,5,2505,[0.00015245 0.00014358 0.00014256 ... 0.00230655 0.00259048 0.00306717],0.11279637687758726,"[ 0.02563922 -0.0928473   0.09124467  0.41524243  0.23004252 -0.0189939
  0.14686133 -0.15218434 -0.0851551   0.09472284]",0.10833350687318084,"[0.98243081 0.99387515 0.9958963  0.99838844 0.99641011 0.99330697
 0.99884208 0.99591227 0.99762343 0.99896484]",0.9961602063690371
22,1000,0,10,1336,[0.0002844  0.00027973 0.00028012 ... 0.00055458 0.00169335 0.00722803],0.0034249859013417705,"[ 0.1532822   0.03515384  0.10380648  0.25925648  0.20188987 -0.0990706
  0.12050422 -0.02444309 -0.02407699  0.04605941]",0.018776647677617907,"[0.9246318  0.96344072 0.99517391 0.99904364 0.98661078 0.97000161
 0.9985097  0.98462452 0.99709701 0.99894912]",0.982790088770931
23,1000,0,20,684,"[5.3764303e-04 5.9936591e-04 5.3463946e-04 5.3877488e-04 5.3998956e-04
 5.6948670e-04 5.3338322e-04 5.6711864e-04 5.1826151e-04 5.8968930e-04
 5.4543262e-04 5.4476218e-04 5.6645996e-04 5.3174951e-04 5.9615879e-04
 5.4526835e-04 5.8095279e-04 5.6333357e-04 5.3034374e-04 6.0948386e-04
 5.4575806e-04 5.8242475e-04 5.6116568e-04 6.0439965e-04 5.4914498e-04
 5.9624191e-04 5.5192976e-04 5.6342344e-04 5.6368351e-04 5.8038544e-04
 5.8382720e-04 5.4072449e-04 5.8366772e-04 5.7420391e-04 5.4908020e-04
 5.6989671e-04 5.9294095e-04 5.6721858e-04 5.8886601e-04 5.5453711e-04
 5.9249974e-04 5.4771767e-04 5.6914764e-04 5.3828012e-04 6.8905728e-04
 6.6048326e-04 5.7961518e-04 5.7114864e-04 6.0945610e-04 5.7182083e-04
 5.7882181e-04 5.8357848e-04 6.2033389e-04 5.6488492e-04 6.0009927e-04
 5.6176813e-04 6.0347066e-04 5.9664500e-04 5.4822251e-04 6.3113420e-04
 5.7218957e-04 5.8619725e-04 5.8577087e-04 5.9733301e-04 5.8135379e-04
 6.5526535e-04 5.8679894e-04 5.8126915e-04 5.6325621e-04 6.1139895e-04
 5.8479607e-04 6.3050480e-04 5.8636046e-04 6.0639303e-04 6.0700567e-04
 6.1911059e-04 6.0951000e-04 5.9629022e-04 6.0420122e-04 5.7543797e-04
 6.3281658e-04 6.0835294e-04 5.9024052e-04 6.3185656e-04 5.6478236e-04
 6.6724804e-04 5.9896306e-04 5.9370528e-04 6.5835257e-04 5.8438926e-04
 6.4070086e-04 6.0002081e-04 5.9286359e-04 7.1087771e-04 6.4002519e-04
 5.8753678e-04 6.6464028e-04 5.8851310e-04 6.6211814e-04 6.1524758e-04
 6.0960930e-04 6.2535779e-04 6.0062530e-04 5.8191177e-04 6.4568134e-04
 6.0412486e-04 6.2075851e-04 6.2920689e-04 6.6134596e-04 6.2659808e-04
 6.2906794e-04 6.2110007e-04 6.2057580e-04 6.7580043e-04 6.2020525e-04
 6.3495530e-04 6.5013824e-04 6.2190753e-04 6.6828082e-04 6.2237115e-04
 6.4319908e-04 6.4075878e-04 6.7338283e-04 6.0566026e-04 6.8663736e-04
 6.3697604e-04 7.2413177e-04 6.5422343e-04 6.1812496e-04 6.5463205e-04
 6.3646177e-04 6.2356441e-04 6.6445064e-04 6.1670388e-04 6.4245693e-04
 6.3637854e-04 6.9389801e-04 6.5658666e-04 6.4378779e-04 6.8802282e-04
 6.1642041e-04 6.8583118e-04 6.6610932e-04 6.6964509e-04 6.6974387e-04
 6.2704179e-04 6.9001218e-04 6.3858111e-04 6.5045198e-04 6.3736679e-04
 6.8846485e-04 6.3396973e-04 7.3224364e-04 6.6106638e-04 6.2136271e-04
 7.2312471e-04 6.5550290e-04 6.9173938e-04 6.6286646e-04 7.2473602e-04
 6.5935205e-04 7.0316618e-04 6.5490248e-04 7.0649030e-04 6.7468738e-04
 6.4943393e-04 6.9649436e-04 6.7710498e-04 6.9768901e-04 6.5668288e-04
 7.4298040e-04 6.7014905e-04 7.1818160e-04 6.6178088e-04 7.6675572e-04
 6.8098190e-04 7.5055176e-04 6.8210741e-04 6.9311762e-04 7.2332792e-04
 7.1639131e-04 6.8337942e-04 6.8590854e-04 7.2149100e-04 6.9596292e-04
 6.7404663e-04 7.5018208e-04 6.7366037e-04 6.3167216e-04 8.1809208e-04
 7.3765154e-04 7.0228701e-04 6.8548543e-04 7.2645606e-04 7.0884603e-04
 7.4374926e-04 6.7895610e-04 7.3767593e-04 7.0191169e-04 6.8148226e-04
 7.7820226e-04 6.8720500e-04 7.5661432e-04 7.0442574e-04 7.2164315e-04
 7.4597495e-04 6.9523096e-04 7.6978264e-04 7.3635770e-04 6.6709315e-04
 8.7477802e-04 9.2928839e-04 7.9583836e-04 7.0444780e-04 7.1950525e-04
 7.5737294e-04 7.2290015e-04 7.3610729e-04 7.1892794e-04 7.5514795e-04
 7.3996576e-04 7.1860856e-04 7.1539078e-04 8.3191699e-04 7.4213586e-04
 7.2373176e-04 8.0370647e-04 7.6840923e-04 7.4390700e-04 8.0920482e-04
 7.2886294e-04 7.6607638e-04 7.3410105e-04 7.6788571e-04 7.6907442e-04
 7.2132616e-04 7.5748755e-04 7.4103184e-04 7.7288039e-04 8.0725568e-04
 7.4955658e-04 7.5887918e-04 7.5798202e-04 7.8035914e-04 7.3857128e-04
 7.7287032e-04 7.3170417e-04 8.0252643e-04 7.3404232e-04 7.7801617e-04
 7.9405715e-04 7.4575649e-04 7.7567715e-04 8.1026828e-04 7.7037560e-04
 7.3493714e-04 8.1453664e-04 7.9585414e-04 7.8490289e-04 7.7178219e-04
 7.8673236e-04 8.1851467e-04 7.8730372e-04 7.9785951e-04 8.4929325e-04
 7.8189198e-04 8.4418192e-04 8.1483845e-04 7.9480704e-04 8.0574787e-04
 8.0236426e-04 8.5852674e-04 7.9987070e-04 8.8588533e-04 8.0535305e-04
 8.3371077e-04 8.3265110e-04 8.2587049e-04 7.6893962e-04 9.1660122e-04
 8.0970261e-04 9.0384856e-04 8.1321958e-04 7.7618955e-04 8.3958596e-04
 7.7602180e-04 8.9495128e-04 7.9572992e-04 8.5130869e-04 8.1571168e-04
 8.9852151e-04 8.0830703e-04 8.4849150e-04 8.3044922e-04 8.9289719e-04
 8.3020510e-04 9.0355123e-04 8.3345402e-04 8.9476479e-04 8.5298682e-04
 8.6206465e-04 8.5300271e-04 8.4152393e-04 8.7015767e-04 9.0043852e-04
 8.2845590e-04 9.4640616e-04 8.6356484e-04 8.5741252e-04 8.9404976e-04
 8.2995457e-04 9.6419937e-04 8.6575793e-04 8.6791755e-04 8.7158201e-04
 9.0908905e-04 8.9691073e-04 9.0157264e-04 8.9825026e-04 8.8364980e-04
 8.9177390e-04 8.9614978e-04 8.5333025e-04 9.7072491e-04 8.8203128e-04
 8.9397130e-04 9.2229055e-04 8.7861432e-04 9.0667995e-04 8.9896697e-04
 9.4618258e-04 8.9640310e-04 9.0549921e-04 9.0604048e-04 9.6245488e-04
 8.8218693e-04 1.0013789e-03 9.3051296e-04 9.0262410e-04 9.1855624e-04
 9.2663575e-04 9.1359590e-04 9.7292988e-04 9.6065679e-04 9.1615011e-04
 9.4061712e-04 9.0840994e-04 1.0551584e-03 9.5281604e-04 9.6641277e-04
 8.8210544e-04 1.0024173e-03 9.4327680e-04 1.0296336e-03 9.7034761e-04
 9.5815572e-04 1.0127681e-03 9.3734334e-04 1.0481022e-03 9.7806810e-04
 1.0213224e-03 9.5901493e-04 1.0080229e-03 9.9051045e-04 1.0301435e-03
 9.6536352e-04 1.0196564e-03 9.4974006e-04 1.0240984e-03 1.0547073e-03
 9.9442911e-04 1.0891708e-03 1.0010960e-03 1.0001839e-03 1.0222240e-03
 1.0790903e-03 1.0237269e-03 9.8987448e-04 1.1335901e-03 1.0222181e-03
 1.0119159e-03 1.0796840e-03 9.9034200e-04 1.0903985e-03 1.0150711e-03
 1.0229950e-03 1.0807723e-03 1.0171166e-03 1.1025509e-03 1.0571405e-03
 1.0508939e-03 1.0521065e-03 1.1100834e-03 1.0504983e-03 1.0875661e-03
 1.0687700e-03 1.1067039e-03 1.0977637e-03 1.0936983e-03 1.1012604e-03
 1.0503023e-03 1.0826773e-03 1.0052919e-03 1.1478730e-03 1.0717800e-03
 1.2071364e-03 1.0947341e-03 1.1073723e-03 1.1286226e-03 1.0783502e-03
 1.0806794e-03 1.1581213e-03 1.1065683e-03 1.1049950e-03 1.1885397e-03
 1.1186382e-03 1.1421031e-03 1.1152197e-03 1.1585879e-03 1.1128954e-03
 1.2515318e-03 1.1589389e-03 1.1955234e-03 1.1371608e-03 1.2014972e-03
 1.1570510e-03 1.2161309e-03 1.1982798e-03 1.1279493e-03 1.2920474e-03
 1.1682700e-03 1.2548188e-03 1.1353096e-03 1.2432609e-03 1.2169807e-03
 1.2570809e-03 1.2288068e-03 1.2459869e-03 1.2437974e-03 1.2381255e-03
 1.2350772e-03 1.2661600e-03 1.2304279e-03 1.2182364e-03 1.1757087e-03
 1.2850177e-03 1.3330777e-03 1.2448570e-03 1.3218579e-03 1.2065680e-03
 1.3517897e-03 1.2538366e-03 1.3777150e-03 1.2896357e-03 1.2873069e-03
 1.3198969e-03 1.3115958e-03 1.2301638e-03 1.2631399e-03 1.3337377e-03
 1.3170792e-03 1.3472527e-03 1.2772211e-03 1.4979518e-03 1.3406383e-03
 1.3719231e-03 1.2912943e-03 1.4480280e-03 1.2885728e-03 1.4057439e-03
 1.3568321e-03 1.3711948e-03 1.3907843e-03 1.3648189e-03 1.4092717e-03
 1.2813972e-03 1.3976900e-03 1.4091997e-03 1.3288643e-03 1.4199083e-03
 1.4081382e-03 1.4289628e-03 1.4257717e-03 1.3971621e-03 1.4462029e-03
 1.4832063e-03 1.4770656e-03 1.4980827e-03 1.4091798e-03 1.4456819e-03
 1.5082080e-03 1.4989894e-03 1.4271006e-03 1.4510065e-03 1.5493900e-03
 1.5267817e-03 1.5090303e-03 1.4599088e-03 1.5829121e-03 1.4553465e-03
 1.6039799e-03 1.5421303e-03 1.4724460e-03 1.6199383e-03 1.5693723e-03
 1.6069247e-03 1.4595438e-03 1.7334610e-03 1.5862905e-03 1.6726670e-03
 1.5895887e-03 1.6613215e-03 1.5809465e-03 1.6439983e-03 1.6511616e-03
 1.5926511e-03 1.7199076e-03 1.6276333e-03 1.7165855e-03 1.6515612e-03
 1.6272907e-03 1.7401433e-03 1.5419123e-03 1.8655916e-03 1.7198229e-03
 1.6143344e-03 1.8131731e-03 1.6442862e-03 1.8514321e-03 1.6905799e-03
 1.8377064e-03 1.6719273e-03 1.7516246e-03 1.7028443e-03 1.7228833e-03
 1.7063153e-03 1.6048265e-03 1.8350561e-03 1.6839135e-03 1.7287377e-03
 1.9087442e-03 1.8398117e-03 1.8675597e-03 2.0827150e-03 1.8561996e-03
 1.8604612e-03 1.7382223e-03 1.8270540e-03 1.9217053e-03 1.8325930e-03
 1.7133979e-03 2.1232348e-03 1.8398952e-03 1.9838226e-03 1.9055367e-03
 2.1184168e-03 1.8852816e-03 2.1382123e-03 2.0039927e-03 2.0048274e-03
 2.1467214e-03 1.8732168e-03 2.1707849e-03 2.1411136e-03 2.0641801e-03
 2.3008313e-03 1.8617710e-03 2.5008067e-03 1.8593216e-03 2.4474624e-03
 2.0313209e-03 2.0805632e-03 2.1601231e-03 2.1404342e-03 2.2296447e-03
 2.2780732e-03 2.3180847e-03 2.2120739e-03 1.8483988e-03 2.3280636e-03
 1.9914811e-03 2.2921236e-03 2.1240634e-03 2.4099732e-03 2.4324805e-03
 2.3882429e-03 2.3863001e-03 2.8420491e-03 3.7629684e-03 4.0384266e-03
 2.4786205e-03 2.6867741e-03 2.8485849e-03 2.4587086e-03 2.3298066e-03
 2.2138946e-03 2.3903919e-03 2.3671158e-03 3.3806516e-03 2.6958652e-03
 2.9872651e-03 2.9082333e-03 2.6630438e-03 2.5741204e-03 2.2748085e-03
 2.9456164e-03 2.2202460e-03 2.9036936e-03 2.9910298e-03 2.6406422e-03
 2.8535705e-03 3.0250559e-03 3.5268597e-03 3.7533639e-03 2.5548495e-03
 2.9506157e-03 3.1918911e-03 3.6921131e-03 5.0769928e-03 7.1185995e-03
 4.6250615e-03 3.9312514e-03 4.7656428e-03 5.7346784e-03 7.9495981e-03
 4.7953329e-03 5.7170214e-03 6.9238348e-03 5.5822087e-03 4.9309069e-03
 5.2194982e-03 4.1316990e-03 6.1445474e-03 4.9907351e-03 4.7523435e-03
 5.1684524e-03 6.7592496e-03 3.9605210e-03 6.7163045e-03 5.5756741e-03
 7.2706174e-03 4.3789693e-03 5.2475049e-03 5.4427315e-03 6.8294555e-03
 3.3643127e-03 4.9485136e-03 6.1610895e-03 5.6292610e-03 3.9412822e-03
 5.4178084e-03 6.2851077e-03 5.8998256e-03 6.2064854e-03 6.7658909e-03
 8.9272289e-03 4.9206759e-03 8.4346095e-03 6.5847659e-03 6.7413817e-03
 7.2962246e-03 3.6764774e-03 6.9740629e-03 3.4506649e-03 4.2917002e-03
 4.4911602e-03 6.9693550e-03 5.8557335e-03 4.0483722e-03 5.6036077e-03
 7.1873832e-03 8.9476025e-04 8.0312480e-04 6.1619096e-04 7.0989475e-04
 5.7181536e-04 1.4980067e-04 1.7653862e-03 3.6761124e-04 6.1887852e-04
 5.3002968e-05 3.2179772e-03 3.9861407e-03 3.1560492e-03]",0.022953795275309608,"[ 0.12639585 -0.00797374  0.11405711  0.32453912  0.2180674  -0.07502285
  0.13580818 -0.06069135 -0.04134784  0.06183465]",0.04807876772421873,"[0.89849717 0.95332973 0.98966307 0.99714604 0.98187672 0.96268156
 0.99876746 0.98193857 0.99720301 0.99883401]",0.9769697272755966
24,1000,0,50,276,"[0.00134986 0.00145297 0.00134188 0.00135921 0.00136635 0.00141112
 0.0013606  0.00145804 0.00130392 0.00152578 0.00138396 0.0013844
 0.00146153 0.00131705 0.00163959 0.00140199 0.00152403 0.00142795
 0.0014011  0.00153227 0.00139563 0.00148963 0.00147975 0.00155372
 0.00140741 0.00160281 0.0014065  0.00153465 0.00146927 0.00158841
 0.00150571 0.00144494 0.00152707 0.00154922 0.00146898 0.0015042
 0.00163499 0.00148276 0.00174613 0.00151701 0.00158301 0.00149741
 0.00155267 0.00145008 0.00196816 0.0023797  0.00160466 0.00151548
 0.00171073 0.00152023 0.00159471 0.00162873 0.00171134 0.00157853
 0.00161419 0.00163671 0.00159046 0.00188576 0.00162688 0.00161571
 0.00170114 0.00162093 0.00167217 0.00169557 0.00157981 0.00197244
 0.00173219 0.00160695 0.00165812 0.00173101 0.00175363 0.00178474
 0.00168077 0.00175471 0.00183131 0.00177482 0.00179911 0.00173988
 0.00178019 0.00175404 0.00185559 0.0018169  0.00171337 0.00197863
 0.00170763 0.00197845 0.00175241 0.00204279 0.00178518 0.0018681
 0.00189098 0.00189918 0.00182933 0.00229082 0.00238152 0.00288786
 0.00190787 0.00192493 0.00198755 0.00200796 0.00190812 0.00200311
 0.00195059 0.00184367 0.00209955 0.00192484 0.002073   0.00201143
 0.00221459 0.00201606 0.0020368  0.00195931 0.00210524 0.00213664
 0.00205556 0.00215058 0.00214525 0.00213426 0.00216758 0.00206676
 0.00216965 0.0021888  0.00227104 0.00203232 0.00252778 0.00225654
 0.00235987 0.00209185 0.002147   0.00236916 0.0022121  0.00224421
 0.00237025 0.0021946  0.00230691 0.0022953  0.00254033 0.00236281
 0.00251491 0.00235748 0.00254667 0.00241828 0.00266678 0.00237559
 0.00277157 0.00242929 0.00255193 0.0025185  0.00244413 0.00245534
 0.0028373  0.00253297 0.00277781 0.00256124 0.00248511 0.00286843
 0.0025829  0.00287481 0.0026514  0.00295675 0.00265049 0.00291383
 0.00266826 0.00301704 0.00281198 0.00284883 0.00287438 0.00313742
 0.00280279 0.00284502 0.00336054 0.0030591  0.00307619 0.00311081
 0.00324393 0.00309583 0.00354885 0.00321854 0.00319003 0.00345807
 0.00331868 0.00321688 0.00332043 0.00330275 0.00352301 0.00316562
 0.00395794 0.00354691 0.00303481 0.00411313 0.0036545  0.00355795
 0.00355993 0.00358634 0.00369561 0.00366858 0.00361023 0.00420682
 0.00365951 0.00369729 0.00419573 0.00377223 0.00469861 0.00407929
 0.00438458 0.0040798  0.0041217  0.00422484 0.00421954 0.00452442
 0.00426995 0.00412279 0.00404338 0.00449748 0.00403119 0.0055799
 0.00432231 0.00450576 0.00514875 0.00447943 0.00568511 0.00476284
 0.00473464 0.00623289 0.00474006 0.00530376 0.00497412 0.00637693
 0.00559532 0.00547182 0.00526498 0.00616269 0.00587732 0.00546482
 0.00735406 0.00579338 0.00530593 0.00593951 0.00812802 0.00568622
 0.00764907 0.00621638 0.00566426 0.00534534 0.00543881 0.00793181
 0.00930335 0.00783241 0.01413297 0.0126831  0.01161573 0.01020348
 0.00762512 0.00714081 0.00709793 0.00894367 0.00769341 0.00863619
 0.0118155  0.01031323 0.0078606  0.00818052 0.00710028 0.01423644
 0.01453732 0.01619736 0.0169437  0.01757822 0.00785554 0.01558721
 0.02274999 0.0123416  0.01262423 0.00024158 0.00743296 0.00553413]",0.034923195721375144,"[ 0.08770055 -0.05012819  0.09398776  0.28678823  0.22421698 -0.04474197
  0.14435486 -0.09697708 -0.05701705  0.08290198]",0.06185525862589865,"[0.8479674  0.92039704 0.97298417 0.3423013  0.97782099 0.93108246
 0.99608259 0.96957681 0.98640674 0.99554996]",0.8949109629644008
25,1000,0,100,134,"[3.17827892e-03 2.72224145e-03 3.39155807e-03 3.02970223e-03
 2.69249873e-03 3.11716809e-03 2.73226202e-03 3.30446986e-03
 2.77827051e-03 3.20022041e-03 2.89817550e-03 3.05246585e-03
 2.93444493e-03 3.13516054e-03 3.09311878e-03 3.09135159e-03
 3.16472049e-03 3.03118979e-03 3.14918999e-03 3.26293521e-03
 3.09642847e-03 3.25850397e-03 3.22548137e-03 3.54095385e-03
 3.14149121e-03 3.61969438e-03 3.03643220e-03 3.72948148e-03
 3.24170967e-03 3.77938990e-03 3.26685142e-03 3.50848003e-03
 3.46807344e-03 3.70770693e-03 3.38598364e-03 3.43529345e-03
 3.91700165e-03 3.44333076e-03 4.31806128e-03 4.08622157e-03
 3.63065302e-03 3.92634002e-03 3.54051241e-03 4.21169214e-03
 3.67726036e-03 4.19070525e-03 3.79573205e-03 3.86135350e-03
 4.16084984e-03 3.92623572e-03 3.91749479e-03 4.30474570e-03
 4.11915453e-03 4.25947830e-03 4.07079794e-03 4.58800094e-03
 4.02621366e-03 5.38451783e-03 6.95774797e-03 4.73371195e-03
 4.30395221e-03 4.70952084e-03 4.57665697e-03 4.71326569e-03
 4.31953184e-03 6.21166220e-03 5.19226631e-03 4.42784978e-03
 5.46156056e-03 4.95419931e-03 5.37423650e-03 5.25079342e-03
 5.16030332e-03 5.30777220e-03 5.59931109e-03 5.41100465e-03
 5.65551082e-03 5.45668462e-03 5.68276783e-03 5.79593470e-03
 5.69198420e-03 6.27696980e-03 5.73137123e-03 7.09715812e-03
 6.27930462e-03 6.55731466e-03 6.36728015e-03 7.35212816e-03
 6.60672411e-03 6.55299146e-03 7.38540897e-03 6.83824020e-03
 6.47820067e-03 1.04981912e-02 7.73994299e-03 7.06759095e-03
 9.70371068e-03 7.92198442e-03 8.34562629e-03 8.42754915e-03
 7.85312708e-03 9.52956919e-03 8.43684282e-03 9.14291106e-03
 9.79908835e-03 8.05986207e-03 1.62733458e-02 1.29353749e-02
 9.54954699e-03 1.07374657e-02 1.17480131e-02 9.78326611e-03
 1.23111503e-02 1.03777843e-02 1.11391563e-02 1.61595419e-02
 1.25583354e-02 1.42589165e-02 1.67557299e-02 1.52893765e-02
 1.34802731e-02 1.26556149e-02 1.37654338e-02 1.83500126e-02
 1.79740582e-02 1.71873532e-02 1.56060997e-02 2.82749552e-02
 3.13466042e-02 3.39396596e-02 3.37689258e-02 3.41277644e-02
 3.18902545e-02 5.32716513e-07]",0.05222683989286003,"[ 0.02525132 -0.05979212  0.06573586  0.30488396  0.17247936 -0.02141314
  0.10999252 -0.0936169  -0.05255516  0.06355903]",0.0748287717567751,"[0.71585202 0.85390513 0.95061887 0.98361438 0.95000726 0.87211798
 0.98223682 0.93884556 0.97992855 0.98722475]",0.9223565674057463
26,1000,1,1,2500,"[3.5774461e-05 3.0927225e-05 3.0696538e-05 ... 3.5974364e-05 3.6625508e-05
 3.6385161e-05]",0.06310940393689468,"[-0.0022861   0.00327796 -0.0043014  -0.00615538 -0.00378063 -0.00458871
 -0.00089919 -0.00539951 -0.00105155  0.00676434]",0.0800101117923055,"[0.99860422 0.99905121 0.99902472 0.99897518 0.99893507 0.9988186
 0.99878441 0.99906604 0.99895542 0.99927125]",0.9999475625341401
27,1000,1,5,2503,[0.00015246 0.0001436  0.00014255 ... 0.00130618 0.00124241 0.00105757],0.018476119937913538,"[-0.08775352  0.14018038  0.06336541  0.01819636  0.01623049  0.10090624
  0.17704862 -0.06758966  0.02484166 -0.10573719]",0.043238297408974044,"[0.98517186 0.99137657 0.99454586 0.99506128 0.99389546 0.99169093
 0.99430553 0.99446452 0.99442034 0.9965074 ]",0.9941371196011968
28,1000,1,10,1328,[0.00028442 0.00027974 0.00028012 ... 0.00532924 0.00484286 0.00072496],0.00949660434886379,"[-0.04847101  0.15178382  0.05996477  0.00742963  0.02836649  0.08307359
  0.17988536 -0.05115875  0.01506114 -0.11466934]",0.030715043277393272,"[0.92571237 0.97117245 0.9907442  0.99936725 0.99059251 0.96736131
 0.99950547 0.98919321 0.99734055 0.99953266]",0.9840352504522262
29,1000,1,20,673,"[0.00053823 0.00059955 0.00053473 0.00053868 0.00054    0.00056949
 0.00053333 0.00056709 0.00051837 0.00058958 0.00054545 0.00054465
 0.00056658 0.00053173 0.00059621 0.00054521 0.0005811  0.00056335
 0.0005304  0.00060943 0.00054572 0.00058243 0.00056109 0.00060448
 0.00054917 0.00059604 0.0005518  0.00056353 0.00056347 0.00058066
 0.00058347 0.00054074 0.00058374 0.00057427 0.000549   0.00056998
 0.00059274 0.00056728 0.00058876 0.00055441 0.00059288 0.00054773
 0.00056918 0.00053825 0.00068923 0.00066159 0.0005813  0.00057106
 0.00060945 0.0005721  0.0005787  0.00058373 0.00062034 0.00056488
 0.00059999 0.00056196 0.00060304 0.00059733 0.0005481  0.00063157
 0.0005722  0.00058623 0.00058569 0.00059748 0.00058142 0.00065528
 0.00058692 0.00058092 0.00056321 0.00061138 0.00058474 0.00063038
 0.00058631 0.00060651 0.00060657 0.00061909 0.00060954 0.00059621
 0.0006042  0.0005754  0.00063269 0.00060877 0.00059044 0.00063151
 0.00056464 0.00066757 0.00059914 0.00059336 0.00065882 0.00058485
 0.00064072 0.00060003 0.00059297 0.00071055 0.00063936 0.00058804
 0.00066406 0.00058857 0.00066173 0.00061552 0.00060902 0.00062517
 0.00060084 0.00058166 0.00064583 0.000604   0.00062065 0.0006294
 0.00066084 0.00062659 0.00062881 0.00062116 0.00062054 0.00067619
 0.0006205  0.00063451 0.00065047 0.00062192 0.00066856 0.00062256
 0.00064315 0.00064102 0.00067327 0.00060571 0.00068663 0.00063692
 0.00072453 0.00065476 0.00061803 0.00065439 0.00063663 0.00062338
 0.00066483 0.00061674 0.00064262 0.00063584 0.00069363 0.00065727
 0.00064368 0.00068774 0.00061653 0.00068516 0.00066674 0.00066773
 0.00067106 0.00062719 0.00068985 0.00063887 0.0006504  0.00063746
 0.00068876 0.00063385 0.00073251 0.00066155 0.0006213  0.00072353
 0.00065538 0.00069174 0.00066285 0.00072465 0.00065903 0.00070362
 0.00065496 0.00070626 0.00067468 0.00064921 0.00069565 0.00067711
 0.00069757 0.00065649 0.00074295 0.00066945 0.00071924 0.00065982
 0.00076905 0.00068354 0.0007447  0.00067979 0.00069468 0.00072271
 0.00071587 0.00068361 0.00068584 0.00072164 0.00069605 0.00067386
 0.00074944 0.00067309 0.00063192 0.00081798 0.00073759 0.0007025
 0.00068491 0.00072643 0.00070897 0.00074387 0.00067873 0.00073786
 0.00070169 0.00068184 0.00077808 0.00068697 0.00075785 0.00070306
 0.00072109 0.00074694 0.00069497 0.00076946 0.00073745 0.00066866
 0.00087455 0.00092689 0.00080383 0.00071184 0.00071268 0.00076534
 0.00071763 0.00073576 0.00071919 0.00075412 0.00073912 0.00071795
 0.00071528 0.00083182 0.00074276 0.00072348 0.00080474 0.00076733
 0.00074458 0.00080693 0.00072965 0.00076551 0.00073366 0.00076885
 0.00076738 0.00072166 0.00075691 0.00074259 0.00077019 0.00080796
 0.00074899 0.00075931 0.00075687 0.00078206 0.00073475 0.00076999
 0.00073368 0.00080061 0.00073538 0.00077705 0.00079512 0.00074587
 0.00077458 0.00081174 0.00076962 0.0007364  0.00081484 0.00079541
 0.00078552 0.00077049 0.00078739 0.00081865 0.00078734 0.00079768
 0.0008488  0.00078114 0.00084127 0.00081425 0.00079335 0.00080837
 0.00079927 0.00086276 0.00079889 0.00088667 0.00080496 0.00083601
 0.00082965 0.00082856 0.00076881 0.0009152  0.00081045 0.00090295
 0.00081233 0.00077707 0.00083983 0.00077537 0.00089432 0.000796
 0.00084973 0.00082084 0.0008912  0.00080438 0.00084971 0.0008319
 0.00089426 0.00083242 0.00089991 0.00083487 0.00089575 0.00085377
 0.00086254 0.00085363 0.00083967 0.00087189 0.00089826 0.00082854
 0.0009495  0.00086549 0.00085586 0.00089437 0.00082959 0.00096709
 0.0008689  0.00086585 0.00087154 0.00090544 0.00090209 0.00090709
 0.00089441 0.00088532 0.00089353 0.00089587 0.00085528 0.0009686
 0.00087468 0.000894   0.00092066 0.0008794  0.00090489 0.00089889
 0.0009473  0.00088988 0.00091066 0.00090478 0.0009584  0.00087839
 0.00100661 0.00092953 0.00090534 0.00091336 0.00092852 0.00090805
 0.00097658 0.00095245 0.00092132 0.00094461 0.00090838 0.00105044
 0.0009481  0.00095758 0.00087913 0.00100018 0.00094427 0.00102631
 0.00097174 0.00096507 0.00099591 0.00093087 0.00105466 0.00097757
 0.00101776 0.00096321 0.00100755 0.00098189 0.00103157 0.00096723
 0.0010216  0.00094748 0.00101801 0.00106357 0.00098685 0.00110148
 0.00100137 0.00099425 0.00102094 0.00107289 0.00102478 0.00098321
 0.00112847 0.00102604 0.00101352 0.00107586 0.00099418 0.00109526
 0.00102088 0.00101902 0.00108227 0.00101544 0.00111886 0.00106263
 0.00105248 0.00104402 0.0011144  0.00104613 0.00108219 0.00107101
 0.00110876 0.00109022 0.00110359 0.00109245 0.00106253 0.00108732
 0.0010103  0.00115241 0.00107151 0.00121608 0.00110595 0.00109861
 0.00113634 0.00107409 0.00109016 0.00115553 0.00110943 0.00109819
 0.00118895 0.00111276 0.0011319  0.0011059  0.00116257 0.00110146
 0.0012383  0.00117147 0.00118428 0.00115294 0.00115874 0.00115754
 0.0012059  0.0011844  0.00113486 0.00129249 0.00117854 0.00125509
 0.00115173 0.00123655 0.00122057 0.00124142 0.00122619 0.00124833
 0.00122338 0.00126116 0.00120419 0.00127145 0.00121682 0.00121546
 0.00118614 0.0013015  0.00130589 0.00125567 0.00131503 0.00120553
 0.00137797 0.00128356 0.00132356 0.00129017 0.00130916 0.00130235
 0.00130845 0.00123818 0.00126286 0.001312   0.00132208 0.00136751
 0.00129695 0.0013879  0.00129154 0.00146064 0.00132536 0.0013837
 0.00130217 0.00139784 0.0013538  0.00137722 0.0013697  0.00132882
 0.00140437 0.00127422 0.00144423 0.00139008 0.00132491 0.00139738
 0.00142871 0.00138245 0.00144171 0.00141521 0.00147672 0.00148386
 0.00150152 0.00152502 0.00145374 0.00140944 0.00149675 0.00147073
 0.00142522 0.00149358 0.00146531 0.00162747 0.00143663 0.00148932
 0.00155688 0.00141041 0.00165158 0.00149995 0.00148752 0.0015626
 0.00156684 0.00159839 0.00154178 0.00162736 0.00161366 0.00167605
 0.00149741 0.00177222 0.00161562 0.0016196  0.00164897 0.0016247
 0.00161065 0.00171533 0.00167369 0.00172213 0.00160023 0.00177977
 0.00160421 0.00175127 0.00153687 0.00199462 0.00166962 0.00166288
 0.00174577 0.00176104 0.00177201 0.00172281 0.00165822 0.00177009
 0.00166215 0.00179194 0.00161311 0.00168324 0.00168896 0.00176214
 0.00180989 0.00189689 0.00181861 0.00208417 0.0018198  0.00200465
 0.00176542 0.00180635 0.00188586 0.00200759 0.00173658 0.00213155
 0.00193168 0.00196599 0.00201445 0.00196979 0.00196977 0.0019404
 0.00202563 0.00210241 0.0019779  0.00208314 0.0018592  0.00223805
 0.00222936 0.00217046 0.00200614 0.00212896 0.00214121 0.00208238
 0.00191896 0.00218808 0.00210584 0.00221735 0.00210051 0.00225682
 0.00236013 0.0021197  0.00207069 0.00198011 0.0018662  0.00294186
 0.0021576  0.0021135  0.00246372 0.00236164 0.00240226 0.00285768
 0.00386423 0.00408351 0.00271627 0.00270617 0.00264155 0.00233834
 0.0022858  0.00255491 0.00213312 0.00289512 0.00227006 0.00384275
 0.00240296 0.00302558 0.00227182 0.00278064 0.0024506  0.00274743
 0.00234768 0.00248752 0.00234875 0.0028227  0.00281803 0.00258443
 0.00213813 0.00271068 0.00241033 0.00236693 0.00247097 0.003177
 0.00308064 0.00348788 0.00466226 0.00715744 0.00553654 0.00508391
 0.00639384 0.0079592  0.00424718 0.00447235 0.00419966 0.00503421
 0.00460611 0.00353422 0.00397823 0.00594627 0.0057252  0.00563282
 0.00601402 0.00675146 0.00749407 0.00458855 0.00601646 0.00638242
 0.00707736 0.0055606  0.00513251 0.0054104  0.0044193  0.00241395
 0.00419846 0.00409554 0.00514279 0.00423045 0.00426142 0.00574137
 0.00580373 0.00692915 0.01371711 0.00632778 0.0054471  0.00979546
 0.00680621 0.00542593 0.00775799 0.0090084  0.00372188 0.00409067
 0.00515571 0.00595883 0.00639188 0.01097029 0.0084476  0.00775995
 0.00771999]",0.017259119720518523,"[-0.05970891  0.164337    0.07554957  0.01402165  0.0289262   0.09858592
  0.20614605 -0.05547596  0.02364596 -0.13631535]",0.04097762518158883,"[0.85885695 0.94692627 0.98240914 0.99838207 0.98267708 0.94208115
 0.99862679 0.98037401 0.99492405 0.99871374]",0.9693655219826596
30,1000,1,50,274,"[0.00135118 0.00145259 0.00134209 0.00135871 0.00136738 0.0014107
 0.00136106 0.00145695 0.00130456 0.001525   0.00138368 0.00138415
 0.00146159 0.001317   0.00163977 0.00140268 0.00152329 0.00142909
 0.00140026 0.00153234 0.00139576 0.00148956 0.00147967 0.00155373
 0.00140749 0.0016023  0.00140618 0.00153531 0.00146853 0.00158902
 0.00150534 0.00144459 0.00152742 0.00154925 0.0014687  0.00150395
 0.00163431 0.00148317 0.00174489 0.00151533 0.00158678 0.00149565
 0.00155366 0.00144831 0.00197247 0.00223037 0.00157562 0.00152683
 0.0016947  0.00152089 0.00159198 0.00163056 0.00170656 0.00157669
 0.00161289 0.00163727 0.00158832 0.00188575 0.00162827 0.00160994
 0.00170937 0.00162349 0.00167054 0.00169648 0.00157978 0.00196889
 0.00172567 0.0016135  0.00165047 0.00173347 0.00175079 0.0017831
 0.0016805  0.00175532 0.00182717 0.0017733  0.00179814 0.00173801
 0.00178006 0.00175153 0.00185693 0.00181041 0.00171264 0.00197428
 0.00170473 0.00198445 0.00175469 0.00203254 0.00179956 0.00185929
 0.00189622 0.0018926  0.00182837 0.00228482 0.00234225 0.00328056
 0.00242692 0.00265761 0.00191378 0.0020839  0.00184041 0.00208757
 0.00190032 0.00194906 0.00204102 0.00198631 0.00198757 0.0020665
 0.00215723 0.00200313 0.00205664 0.00196534 0.00210427 0.00215373
 0.0020834  0.00213566 0.00218215 0.00208534 0.00227037 0.0020751
 0.00218394 0.00217664 0.00230314 0.00204472 0.00250124 0.00223227
 0.0024042  0.00214315 0.0021364  0.00241282 0.00222495 0.00224053
 0.00239678 0.00220691 0.00232364 0.0022923  0.00256592 0.0023615
 0.00254242 0.00234229 0.00262139 0.00240642 0.00270457 0.0023993
 0.00274847 0.00239247 0.00266188 0.00245053 0.00250674 0.00242375
 0.00293743 0.00258438 0.00271811 0.00253597 0.00250666 0.00286971
 0.00259368 0.00290014 0.00267962 0.00294824 0.00264677 0.00299576
 0.00273934 0.0029723  0.0028675  0.002808   0.00288833 0.0030063
 0.00279461 0.00296539 0.00320781 0.00291603 0.00316162 0.00309317
 0.00331066 0.00317042 0.00346339 0.0031961  0.00323092 0.00345007
 0.00329779 0.00329032 0.00319159 0.00364117 0.00326643 0.00373714
 0.00326867 0.00354812 0.00317213 0.00378441 0.00327312 0.00399705
 0.00359891 0.00344415 0.00370469 0.00384587 0.00370947 0.00406629
 0.00379124 0.00377494 0.00406096 0.00390595 0.00441925 0.00395789
 0.00437126 0.00397116 0.00393655 0.00461544 0.00448147 0.0039832
 0.00551554 0.00442692 0.00419271 0.00492619 0.00430201 0.00467451
 0.00431515 0.00537531 0.00487403 0.00478667 0.00497947 0.00474988
 0.00492536 0.00634996 0.00446017 0.00548692 0.00499493 0.00649611
 0.00447853 0.00511526 0.0053357  0.00637765 0.00717474 0.0065005
 0.00486255 0.00873897 0.00553407 0.0062716  0.00855543 0.0105951
 0.00861963 0.00523126 0.0058186  0.00860193 0.00988416 0.0131478
 0.01222722 0.0088001  0.00673469 0.01031347 0.00627208 0.00834446
 0.00990087 0.01207681 0.01036563 0.0083815  0.00970524 0.00778247
 0.01218583 0.00669493 0.00612067 0.00862829 0.00742587 0.00764267
 0.0089156  0.01274351 0.01564323 0.01827418 0.01754053 0.0091266
 0.00928884 0.00953386 0.01575601 0.02166384]",0.02060053147799401,"[-0.07372682  0.16583613  0.08476517  0.00468808  0.02965733  0.10156869
  0.20406333 -0.04904766  0.02407622 -0.14631552]",0.04484988334977068,"[0.81222808 0.93212097 0.96883213 0.99196854 0.97787616 0.91853221
 0.99395195 0.96606917 0.98899562 0.99395617]",0.9554075535362209
31,1000,1,100,137,"[0.00317851 0.00272214 0.00339056 0.00302579 0.00269302 0.00311645
 0.00273206 0.0033038  0.00277899 0.00319883 0.0028985  0.00305012
 0.00293492 0.00313322 0.0030956  0.00308847 0.00316819 0.0030318
 0.00315023 0.00326163 0.00309711 0.00325843 0.00322522 0.00354153
 0.00314241 0.00361555 0.00303328 0.00373839 0.00324598 0.00377643
 0.00326751 0.00350539 0.00347041 0.00370522 0.0033831  0.00343368
 0.00391968 0.00344491 0.00431116 0.00406195 0.00361387 0.00397704
 0.00353424 0.00421307 0.00367682 0.00418528 0.00379911 0.00384854
 0.00418111 0.00391314 0.00391833 0.00429995 0.00413123 0.00423882
 0.00407194 0.00458686 0.00402698 0.00538138 0.00695867 0.00474379
 0.00430289 0.00471468 0.00452904 0.00467615 0.00432944 0.00608958
 0.00576456 0.0058548  0.00590762 0.00578705 0.00518092 0.00534473
 0.00513398 0.0053417  0.00553678 0.0054349  0.00570701 0.00550131
 0.00557756 0.00601458 0.0053528  0.00754825 0.00702968 0.00655813
 0.00596322 0.00708953 0.00641435 0.00716443 0.00633761 0.00721758
 0.00711113 0.00737537 0.00685455 0.00857711 0.00751256 0.00751436
 0.0077816  0.00836231 0.00765169 0.00915372 0.00790686 0.00936351
 0.00874755 0.00837841 0.00863375 0.01065377 0.00914533 0.01139198
 0.01076288 0.00929051 0.01039077 0.0118534  0.01047788 0.01197196
 0.0099998  0.01078016 0.02037248 0.01170279 0.0138055  0.01444704
 0.01078517 0.0195514  0.0125239  0.01494846 0.01610983 0.01415638
 0.01227581 0.02207832 0.02106758 0.02244915 0.02493432 0.03150523
 0.01271484 0.01689053 0.0192002  0.034207   0.00679564]",0.032195300881974864,"[-0.0847626   0.16969945  0.09334183  0.02726834  0.02836135  0.12467857
  0.23366846 -0.07087776  0.03591403 -0.15165436]",0.05728034076692443,"[0.78880258 0.9185427  0.97051293 0.99730867 0.97420331 0.912089
 0.99693388 0.96591117 0.99061027 0.99621912]",0.952064477131713
