,data_size,data_id,mini_batch,n_conditions,cosine_shift,n_steps,list_steps,mmd,median,median_rmse,contractions,rel_contraction
0,10000,0,10,1,0,35.0,"[       nan 0.00547947 0.00150772 0.00075547 0.00398547 0.00186743
 0.00182393 0.00166542 0.00417561 0.00289755 0.00356093 0.00420543
 0.00226593 0.01289628 0.00453382 0.00647628 0.00814782 0.00768575
 0.00763383 0.01420374 0.01287473 0.00988733 0.01808622 0.02080099
 0.0110198  0.07489166 0.01084164 0.01644468 0.17749923 0.03177154
 0.02795241 0.10836236 0.11054321 0.10381057 0.16944575]",0.025548307905178813,"[ 0.2495756   0.07186834  0.17212088  0.27435568  0.28009415 -0.12426984
  0.06919808 -0.00059933  0.00338897  0.06764511]",0.05070135423737452,[1. 1. 1. 1. 1. 1. 1. 1. 1. 1.],1.0000999999981364
1,10000,1,10,1,0,35.0,"[       nan 0.00547947 0.00150772 0.00075547 0.00398547 0.00186743
 0.00182393 0.00166542 0.00417561 0.00289755 0.00356093 0.00420543
 0.00226593 0.01289628 0.00453382 0.00647628 0.00814782 0.00768575
 0.00763383 0.01420374 0.01287473 0.00988733 0.01808622 0.02080099
 0.0110198  0.07489166 0.01084164 0.01644468 0.17749923 0.03177154
 0.02795241 0.10836236 0.11054321 0.10381057 0.16944575]",0.025595977857117758,"[ 0.04377158  0.18536067  0.07238457 -0.04052939  0.02313938  0.02739295
  0.22369747  0.0073753   0.09349485 -0.18365715]",0.05074246446561329,[1. 1. 1. 1. 1. 1. 1. 1. 1. 1.],1.0000999999990197
2,10000,2,10,1,0,35.0,"[       nan 0.00547947 0.00150772 0.00075547 0.00398547 0.00186743
 0.00182393 0.00166542 0.00417561 0.00289755 0.00356093 0.00420543
 0.00226593 0.01289628 0.00453382 0.00647628 0.00814782 0.00768575
 0.00763383 0.01420374 0.01287473 0.00988733 0.01808622 0.02080099
 0.0110198  0.07489166 0.01084164 0.01644468 0.17749923 0.03177154
 0.02795241 0.10836236 0.11054321 0.10381057 0.16944575]",0.01665895788239702,"[-0.29826602  0.09390847  0.06232714 -0.1628151   0.25725642 -0.18754764
 -0.00892945 -0.06428763  0.16315097  0.17763507]",0.04090505025410219,[1. 1. 1. 1. 1. 1. 1. 1. 1. 1.],1.0000999999985942
3,10000,3,10,1,0,35.0,"[       nan 0.00547947 0.00150772 0.00075547 0.00398547 0.00186743
 0.00182393 0.00166542 0.00417561 0.00289755 0.00356093 0.00420543
 0.00226593 0.01289628 0.00453382 0.00647628 0.00814782 0.00768575
 0.00763383 0.01420374 0.01287473 0.00988733 0.01808622 0.02080099
 0.0110198  0.07489166 0.01084164 0.01644468 0.17749923 0.03177154
 0.02795241 0.10836236 0.11054321 0.10381057 0.16944575]",0.028873622892553685,"[-0.02306309  0.018667   -0.14929143 -0.2211615   0.06979792  0.04122714
  0.07957967  0.11287025 -0.06861112 -0.12276969]",0.053908824772366346,[1. 1. 1. 1. 1. 1. 1. 1. 1. 1.],1.0000999999996174
4,10000,4,10,1,0,35.0,"[       nan 0.00547947 0.00150772 0.00075547 0.00398547 0.00186743
 0.00182393 0.00166542 0.00417561 0.00289755 0.00356093 0.00420543
 0.00226593 0.01289628 0.00453382 0.00647628 0.00814782 0.00768575
 0.00763383 0.01420374 0.01287473 0.00988733 0.01808622 0.02080099
 0.0110198  0.07489166 0.01084164 0.01644468 0.17749923 0.03177154
 0.02795241 0.10836236 0.11054321 0.10381057 0.16944575]",0.02197915801346806,"[-0.05782752 -0.17480215 -0.16886383  0.2988376  -0.02420837 -0.01464826
 -0.0998858   0.14389713 -0.1303506   0.00572832]",0.04702565275637828,[1. 1. 1. 1. 1. 1. 1. 1. 1. 1.],1.0000999999992832
5,10000,5,10,1,0,35.0,"[       nan 0.00547947 0.00150772 0.00075547 0.00398547 0.00186743
 0.00182393 0.00166542 0.00417561 0.00289755 0.00356093 0.00420543
 0.00226593 0.01289628 0.00453382 0.00647628 0.00814782 0.00768575
 0.00763383 0.01420374 0.01287473 0.00988733 0.01808622 0.02080099
 0.0110198  0.07489166 0.01084164 0.01644468 0.17749923 0.03177154
 0.02795241 0.10836236 0.11054321 0.10381057 0.16944575]",0.016913513061742158,"[-0.11019562 -0.00032428 -0.08104381 -0.15125227  0.00120521  0.07730888
  0.0773022   0.10545474 -0.06104615 -0.06624033]",0.04118564576970501,[1. 1. 1. 1. 1. 1. 1. 1. 1. 1.],1.0000999999991145
6,10000,6,10,1,0,35.0,"[       nan 0.00547947 0.00150772 0.00075547 0.00398547 0.00186743
 0.00182393 0.00166542 0.00417561 0.00289755 0.00356093 0.00420543
 0.00226593 0.01289628 0.00453382 0.00647628 0.00814782 0.00768575
 0.00763383 0.01420374 0.01287473 0.00988733 0.01808622 0.02080099
 0.0110198  0.07489166 0.01084164 0.01644468 0.17749923 0.03177154
 0.02795241 0.10836236 0.11054321 0.10381057 0.16944575]",0.016649408176671487,"[-0.10991499 -0.04871037 -0.16148989 -0.18758349  0.02031687 -0.0140734
 -0.23360713  0.01939609 -0.112574   -0.02586602]",0.040942308585715737,[1. 1. 1. 1. 1. 1. 1. 1. 1. 1.],1.0000999999986837
7,10000,7,10,1,0,35.0,"[       nan 0.00547947 0.00150772 0.00075547 0.00398547 0.00186743
 0.00182393 0.00166542 0.00417561 0.00289755 0.00356093 0.00420543
 0.00226593 0.01289628 0.00453382 0.00647628 0.00814782 0.00768575
 0.00763383 0.01420374 0.01287473 0.00988733 0.01808622 0.02080099
 0.0110198  0.07489166 0.01084164 0.01644468 0.17749923 0.03177154
 0.02795241 0.10836236 0.11054321 0.10381057 0.16944575]",0.014757226206183915,"[ 0.05441822  0.00837591  0.1878942  -0.13742115  0.0148536  -0.06802043
 -0.16581868 -0.08069728 -0.01735739  0.04258493]",0.03847082288648848,[1. 1. 1. 1. 1. 1. 1. 1. 1. 1.],1.000099999999136
8,10000,8,10,1,0,35.0,"[       nan 0.00547947 0.00150772 0.00075547 0.00398547 0.00186743
 0.00182393 0.00166542 0.00417561 0.00289755 0.00356093 0.00420543
 0.00226593 0.01289628 0.00453382 0.00647628 0.00814782 0.00768575
 0.00763383 0.01420374 0.01287473 0.00988733 0.01808622 0.02080099
 0.0110198  0.07489166 0.01084164 0.01644468 0.17749923 0.03177154
 0.02795241 0.10836236 0.11054321 0.10381057 0.16944575]",0.007516981879434059,"[-0.07486957  0.08316468  0.06754488 -0.17941625  0.14054541  0.21569969
  0.1617346  -0.02005357 -0.15218802  0.10881881]",0.027426111649569252,[1. 1. 1. 1. 1. 1. 1. 1. 1. 1.],1.0000999999983011
9,10000,9,10,1,0,35.0,"[       nan 0.00547947 0.00150772 0.00075547 0.00398547 0.00186743
 0.00182393 0.00166542 0.00417561 0.00289755 0.00356093 0.00420543
 0.00226593 0.01289628 0.00453382 0.00647628 0.00814782 0.00768575
 0.00763383 0.01420374 0.01287473 0.00988733 0.01808622 0.02080099
 0.0110198  0.07489166 0.01084164 0.01644468 0.17749923 0.03177154
 0.02795241 0.10836236 0.11054321 0.10381057 0.16944575]",0.01822093572383765,"[ 1.9174535e-05  1.4589578e-01  4.5592383e-02  8.5336164e-02
  9.2489578e-02  1.8309260e-02  5.4831427e-02  1.8448503e-01
 -5.0499469e-02 -6.6502579e-03]",0.04279994591634644,[1. 1. 1. 1. 1. 1. 1. 1. 1. 1.],1.0000999999997662
10,10000,0,10,1,-1,46.0,"[           nan 6.04473893e-03 1.52101507e-03 1.56106846e-03
 2.10979651e-03 2.02930183e-03 1.26457831e-03 4.50670253e-03
 2.28087860e-03 1.90852711e-03 5.83806029e-03 3.41860950e-03
 5.16366167e-03 2.51847086e-03 1.21484231e-02 5.72905829e-03
 8.14729743e-03 5.38234226e-03 1.03447083e-02 1.19577199e-02
 1.15710692e-02 1.25708748e-02 1.79095007e-02 2.05311198e-02
 1.74303520e-02 2.89179701e-02 2.47711893e-02 2.79923528e-02
 3.40685360e-02 4.46270034e-02 5.25967851e-02 2.55998056e-02
 9.87963080e-02 4.06084098e-02 3.44526581e-02 6.90573007e-02
 4.56080809e-02 8.12573284e-02 2.93753929e-02 1.46220461e-01
            nan 1.05214196e-04 3.19623691e-03 6.69888081e-03
 1.25982054e-02 1.95639580e-02]",0.010101331324654739,"[ 2.41887152e-01  8.40487108e-02  9.05074030e-02  1.97897241e-01
  1.57191575e-01 -6.83737695e-02  1.15152225e-01  8.75229388e-03
 -2.41234666e-05  6.46595210e-02]",0.03185316522174297,[1. 1. 1. 1. 1. 1. 1. 1. 1. 1.],1.0000999999988016
11,10000,1,10,1,-1,46.0,"[           nan 6.04473893e-03 1.52101507e-03 1.56106846e-03
 2.10979651e-03 2.02930183e-03 1.26457831e-03 4.50670253e-03
 2.28087860e-03 1.90852711e-03 5.83806029e-03 3.41860950e-03
 5.16366167e-03 2.51847086e-03 1.21484231e-02 5.72905829e-03
 8.14729743e-03 5.38234226e-03 1.03447083e-02 1.19577199e-02
 1.15710692e-02 1.25708748e-02 1.79095007e-02 2.05311198e-02
 1.74303520e-02 2.89179701e-02 2.47711893e-02 2.79923528e-02
 3.40685360e-02 4.46270034e-02 5.25967851e-02 2.55998056e-02
 9.87963080e-02 4.06084098e-02 3.44526581e-02 6.90573007e-02
 4.56080809e-02 8.12573284e-02 2.93753929e-02 1.46220461e-01
            nan 1.05214196e-04 3.19623691e-03 6.69888081e-03
 1.25982054e-02 1.95639580e-02]",0.04340876607123567,"[-0.0482941   0.21760501  0.17923419 -0.01143241  0.03908169  0.04820144
  0.2709876  -0.00610581  0.00818139 -0.17498854]",0.06622128417408678,[1. 1. 1. 1. 1. 1. 1. 1. 1. 1.],1.000099999998935
12,10000,2,10,1,-1,46.0,"[           nan 6.04473893e-03 1.52101507e-03 1.56106846e-03
 2.10979651e-03 2.02930183e-03 1.26457831e-03 4.50670253e-03
 2.28087860e-03 1.90852711e-03 5.83806029e-03 3.41860950e-03
 5.16366167e-03 2.51847086e-03 1.21484231e-02 5.72905829e-03
 8.14729743e-03 5.38234226e-03 1.03447083e-02 1.19577199e-02
 1.15710692e-02 1.25708748e-02 1.79095007e-02 2.05311198e-02
 1.74303520e-02 2.89179701e-02 2.47711893e-02 2.79923528e-02
 3.40685360e-02 4.46270034e-02 5.25967851e-02 2.55998056e-02
 9.87963080e-02 4.06084098e-02 3.44526581e-02 6.90573007e-02
 4.56080809e-02 8.12573284e-02 2.93753929e-02 1.46220461e-01
            nan 1.05214196e-04 3.19623691e-03 6.69888081e-03
 1.25982054e-02 1.95639580e-02]",0.023865175837414876,"[-0.35548264  0.11545243  0.14734516 -0.07241093  0.29602072 -0.15012625
 -0.00145819  0.03601968  0.15790112  0.1515958 ]",0.04900526178251079,[1. 1. 1. 1. 1. 1. 1. 1. 1. 1.],1.0000999999989943
13,10000,3,10,1,-1,46.0,"[           nan 6.04473893e-03 1.52101507e-03 1.56106846e-03
 2.10979651e-03 2.02930183e-03 1.26457831e-03 4.50670253e-03
 2.28087860e-03 1.90852711e-03 5.83806029e-03 3.41860950e-03
 5.16366167e-03 2.51847086e-03 1.21484231e-02 5.72905829e-03
 8.14729743e-03 5.38234226e-03 1.03447083e-02 1.19577199e-02
 1.15710692e-02 1.25708748e-02 1.79095007e-02 2.05311198e-02
 1.74303520e-02 2.89179701e-02 2.47711893e-02 2.79923528e-02
 3.40685360e-02 4.46270034e-02 5.25967851e-02 2.55998056e-02
 9.87963080e-02 4.06084098e-02 3.44526581e-02 6.90573007e-02
 4.56080809e-02 8.12573284e-02 2.93753929e-02 1.46220461e-01
            nan 1.05214196e-04 3.19623691e-03 6.69888081e-03
 1.25982054e-02 1.95639580e-02]",0.008431260917234118,"[ 0.04893922  0.03184368 -0.09762564 -0.17728722 -0.03136481  0.04014285
  0.15619256  0.1231943  -0.04745742 -0.10167796]",0.02906588245882592,[1. 1. 1. 1. 1. 1. 1. 1. 1. 1.],1.00009999999953
14,10000,4,10,1,-1,46.0,"[           nan 6.04473893e-03 1.52101507e-03 1.56106846e-03
 2.10979651e-03 2.02930183e-03 1.26457831e-03 4.50670253e-03
 2.28087860e-03 1.90852711e-03 5.83806029e-03 3.41860950e-03
 5.16366167e-03 2.51847086e-03 1.21484231e-02 5.72905829e-03
 8.14729743e-03 5.38234226e-03 1.03447083e-02 1.19577199e-02
 1.15710692e-02 1.25708748e-02 1.79095007e-02 2.05311198e-02
 1.74303520e-02 2.89179701e-02 2.47711893e-02 2.79923528e-02
 3.40685360e-02 4.46270034e-02 5.25967851e-02 2.55998056e-02
 9.87963080e-02 4.06084098e-02 3.44526581e-02 6.90573007e-02
 4.56080809e-02 8.12573284e-02 2.93753929e-02 1.46220461e-01
            nan 1.05214196e-04 3.19623691e-03 6.69888081e-03
 1.25982054e-02 1.95639580e-02]",0.04989260608883872,"[-0.11302751 -0.23406258 -0.24552263  0.27278942 -0.07155365 -0.055566
 -0.19128856  0.14919707 -0.30132487 -0.0255567 ]",0.07107367420387707,[1. 1. 1. 1. 1. 1. 1. 1. 1. 1.],1.0000999999975906
15,10000,5,10,1,-1,46.0,"[           nan 6.04473893e-03 1.52101507e-03 1.56106846e-03
 2.10979651e-03 2.02930183e-03 1.26457831e-03 4.50670253e-03
 2.28087860e-03 1.90852711e-03 5.83806029e-03 3.41860950e-03
 5.16366167e-03 2.51847086e-03 1.21484231e-02 5.72905829e-03
 8.14729743e-03 5.38234226e-03 1.03447083e-02 1.19577199e-02
 1.15710692e-02 1.25708748e-02 1.79095007e-02 2.05311198e-02
 1.74303520e-02 2.89179701e-02 2.47711893e-02 2.79923528e-02
 3.40685360e-02 4.46270034e-02 5.25967851e-02 2.55998056e-02
 9.87963080e-02 4.06084098e-02 3.44526581e-02 6.90573007e-02
 4.56080809e-02 8.12573284e-02 2.93753929e-02 1.46220461e-01
            nan 1.05214196e-04 3.19623691e-03 6.69888081e-03
 1.25982054e-02 1.95639580e-02]",0.012950512845451456,"[-0.09067366  0.05469458 -0.05740083 -0.17869517 -0.0199284   0.11211701
  0.02867071  0.00625103 -0.10643853 -0.06885093]",0.0360653489823948,[1. 1. 1. 1. 1. 1. 1. 1. 1. 1.],1.000099999999438
16,10000,6,10,1,-1,46.0,"[           nan 6.04473893e-03 1.52101507e-03 1.56106846e-03
 2.10979651e-03 2.02930183e-03 1.26457831e-03 4.50670253e-03
 2.28087860e-03 1.90852711e-03 5.83806029e-03 3.41860950e-03
 5.16366167e-03 2.51847086e-03 1.21484231e-02 5.72905829e-03
 8.14729743e-03 5.38234226e-03 1.03447083e-02 1.19577199e-02
 1.15710692e-02 1.25708748e-02 1.79095007e-02 2.05311198e-02
 1.74303520e-02 2.89179701e-02 2.47711893e-02 2.79923528e-02
 3.40685360e-02 4.46270034e-02 5.25967851e-02 2.55998056e-02
 9.87963080e-02 4.06084098e-02 3.44526581e-02 6.90573007e-02
 4.56080809e-02 8.12573284e-02 2.93753929e-02 1.46220461e-01
            nan 1.05214196e-04 3.19623691e-03 6.69888081e-03
 1.25982054e-02 1.95639580e-02]",0.009568348040146724,"[-0.07609704 -0.08972191 -0.03937868 -0.1771202   0.00691949 -0.01191323
 -0.15827043  0.08949399 -0.06466135 -0.03262481]",0.03100240432840307,[1. 1. 1. 1. 1. 1. 1. 1. 1. 1.],1.00009999999931
17,10000,7,10,1,-1,46.0,"[           nan 6.04473893e-03 1.52101507e-03 1.56106846e-03
 2.10979651e-03 2.02930183e-03 1.26457831e-03 4.50670253e-03
 2.28087860e-03 1.90852711e-03 5.83806029e-03 3.41860950e-03
 5.16366167e-03 2.51847086e-03 1.21484231e-02 5.72905829e-03
 8.14729743e-03 5.38234226e-03 1.03447083e-02 1.19577199e-02
 1.15710692e-02 1.25708748e-02 1.79095007e-02 2.05311198e-02
 1.74303520e-02 2.89179701e-02 2.47711893e-02 2.79923528e-02
 3.40685360e-02 4.46270034e-02 5.25967851e-02 2.55998056e-02
 9.87963080e-02 4.06084098e-02 3.44526581e-02 6.90573007e-02
 4.56080809e-02 8.12573284e-02 2.93753929e-02 1.46220461e-01
            nan 1.05214196e-04 3.19623691e-03 6.69888081e-03
 1.25982054e-02 1.95639580e-02]",0.020296885331250403,"[ 0.08032599 -0.00327592  0.13909239 -0.19036609 -0.01841544 -0.05950737
 -0.15808658 -0.10761214 -0.08441912 -0.0269533 ]",0.0451831883018816,[1. 1. 1. 1. 1. 1. 1. 1. 1. 1.],1.0000999999996005
18,10000,8,10,1,-1,46.0,"[           nan 6.04473893e-03 1.52101507e-03 1.56106846e-03
 2.10979651e-03 2.02930183e-03 1.26457831e-03 4.50670253e-03
 2.28087860e-03 1.90852711e-03 5.83806029e-03 3.41860950e-03
 5.16366167e-03 2.51847086e-03 1.21484231e-02 5.72905829e-03
 8.14729743e-03 5.38234226e-03 1.03447083e-02 1.19577199e-02
 1.15710692e-02 1.25708748e-02 1.79095007e-02 2.05311198e-02
 1.74303520e-02 2.89179701e-02 2.47711893e-02 2.79923528e-02
 3.40685360e-02 4.46270034e-02 5.25967851e-02 2.55998056e-02
 9.87963080e-02 4.06084098e-02 3.44526581e-02 6.90573007e-02
 4.56080809e-02 8.12573284e-02 2.93753929e-02 1.46220461e-01
            nan 1.05214196e-04 3.19623691e-03 6.69888081e-03
 1.25982054e-02 1.95639580e-02]",0.04893529955030007,"[-0.12678625  0.202017    0.08833416 -0.27290547  0.23858266  0.17116885
  0.19494985 -0.00093865 -0.18720171  0.10976699]",0.07042342332841613,[1. 1. 1. 1. 1. 1. 1. 1. 1. 1.],1.000099999999198
19,10000,9,10,1,-1,46.0,"[           nan 6.04473893e-03 1.52101507e-03 1.56106846e-03
 2.10979651e-03 2.02930183e-03 1.26457831e-03 4.50670253e-03
 2.28087860e-03 1.90852711e-03 5.83806029e-03 3.41860950e-03
 5.16366167e-03 2.51847086e-03 1.21484231e-02 5.72905829e-03
 8.14729743e-03 5.38234226e-03 1.03447083e-02 1.19577199e-02
 1.15710692e-02 1.25708748e-02 1.79095007e-02 2.05311198e-02
 1.74303520e-02 2.89179701e-02 2.47711893e-02 2.79923528e-02
 3.40685360e-02 4.46270034e-02 5.25967851e-02 2.55998056e-02
 9.87963080e-02 4.06084098e-02 3.44526581e-02 6.90573007e-02
 4.56080809e-02 8.12573284e-02 2.93753929e-02 1.46220461e-01
            nan 1.05214196e-04 3.19623691e-03 6.69888081e-03
 1.25982054e-02 1.95639580e-02]",0.03773357626142282,"[-0.04261372  0.19311054  0.07668015  0.14759485  0.03542512  0.19283038
 -0.01763224  0.2809507  -0.02674905  0.03590447]",0.06170349651412469,[1. 1. 1. 1. 1. 1. 1. 1. 1. 1.],1.0000999999995035
20,10000,0,10,1,1,20.0,"[       nan 0.02562197 0.00382374 0.00197751 0.03745183 0.00563688
 0.0064537  0.02756693 0.01145877 0.00878274 0.03716781 0.02105371
 0.0119057  0.05267224 0.04299038 0.02305621 0.07247571 0.162628
 0.21625511 0.231021  ]",0.010975714732715192,"[ 0.19967215 -0.0005113   0.06940024  0.21560705  0.15431812 -0.04535856
  0.0703915  -0.02608722 -0.0610274   0.01092297]",0.03316905242438973,[1. 1. 1. 1. 1. 1. 1. 1. 1. 1.],1.0000999999995395
21,10000,1,10,1,1,20.0,"[       nan 0.02562197 0.00382374 0.00197751 0.03745183 0.00563688
 0.0064537  0.02756693 0.01145877 0.00878274 0.03716781 0.02105371
 0.0119057  0.05267224 0.04299038 0.02305621 0.07247571 0.162628
 0.21625511 0.231021  ]",0.006981119843470607,"[ 0.00010455  0.10261075  0.06147903  0.03587792  0.06274113  0.04338751
  0.09665912 -0.03304609  0.00453555 -0.08302773]",0.02638560185834232,[1. 1. 1. 1. 1. 1. 1. 1. 1. 1.],1.0000999999997817
22,10000,2,10,1,1,20.0,"[       nan 0.02562197 0.00382374 0.00197751 0.03745183 0.00563688
 0.0064537  0.02756693 0.01145877 0.00878274 0.03716781 0.02105371
 0.0119057  0.05267224 0.04299038 0.02305621 0.07247571 0.162628
 0.21625511 0.231021  ]",0.007448124173949244,"[-0.22889356  0.06097074  0.06901588 -0.04916735  0.23265298 -0.08904961
 -0.02032984 -0.04645412  0.12210686  0.13715164]",0.027277442276133056,[1. 1. 1. 1. 1. 1. 1. 1. 1. 1.],1.0000999999992963
23,10000,3,10,1,1,20.0,"[       nan 0.02562197 0.00382374 0.00197751 0.03745183 0.00563688
 0.0064537  0.02756693 0.01145877 0.00878274 0.03716781 0.02105371
 0.0119057  0.05267224 0.04299038 0.02305621 0.07247571 0.162628
 0.21625511 0.231021  ]",0.018308338364132926,"[ 0.03577282  0.04401337  0.00333698 -0.1629329  -0.00825978 -0.02289441
  0.08774538  0.11881606  0.02670426 -0.04256144]",0.04291716914767168,[1. 1. 1. 1. 1. 1. 1. 1. 1. 1.],1.0000999999994054
24,10000,4,10,1,1,20.0,"[       nan 0.02562197 0.00382374 0.00197751 0.03745183 0.00563688
 0.0064537  0.02756693 0.01145877 0.00878274 0.03716781 0.02105371
 0.0119057  0.05267224 0.04299038 0.02305621 0.07247571 0.162628
 0.21625511 0.231021  ]",0.006771519407017257,"[-0.08603065 -0.11995557 -0.19701818  0.18979762 -0.08169233 -0.05631477
 -0.08545452  0.06160286 -0.11618455 -0.03895845]",0.026076891920672036,[1. 1. 1. 1. 1. 1. 1. 1. 1. 1.],1.0000999999995797
25,10000,5,10,1,1,20.0,"[       nan 0.02562197 0.00382374 0.00197751 0.03745183 0.00563688
 0.0064537  0.02756693 0.01145877 0.00878274 0.03716781 0.02105371
 0.0119057  0.05267224 0.04299038 0.02305621 0.07247571 0.162628
 0.21625511 0.231021  ]",0.005321538929633274,"[-0.06663042  0.04320369 -0.02104568 -0.13078032 -0.00053291  0.09258141
  0.00526702  0.0319691  -0.03706735 -0.05819982]",0.023056116907344625,[1. 1. 1. 1. 1. 1. 1. 1. 1. 1.],1.0000999999998457
26,10000,6,10,1,1,20.0,"[       nan 0.02562197 0.00382374 0.00197751 0.03745183 0.00563688
 0.0064537  0.02756693 0.01145877 0.00878274 0.03716781 0.02105371
 0.0119057  0.05267224 0.04299038 0.02305621 0.07247571 0.162628
 0.21625511 0.231021  ]",0.008544296842670773,"[-0.04370584 -0.05892561 -0.09698248 -0.12423249  0.03284384 -0.03239156
 -0.18362856  0.08639242 -0.04226865 -0.01346033]",0.02921774621339669,[1. 1. 1. 1. 1. 1. 1. 1. 1. 1.],1.0000999999990108
27,10000,7,10,1,1,20.0,"[       nan 0.02562197 0.00382374 0.00197751 0.03745183 0.00563688
 0.0064537  0.02756693 0.01145877 0.00878274 0.03716781 0.02105371
 0.0119057  0.05267224 0.04299038 0.02305621 0.07247571 0.162628
 0.21625511 0.231021  ]",0.011594001511498808,"[ 0.07890333 -0.04947012  0.10426225 -0.09158967  0.01314269 -0.05112803
 -0.02302358 -0.05198365 -0.05313002 -0.02293929]",0.03411253694564084,[1. 1. 1. 1. 1. 1. 1. 1. 1. 1.],1.000099999999885
28,10000,8,10,1,1,20.0,"[       nan 0.02562197 0.00382374 0.00197751 0.03745183 0.00563688
 0.0064537  0.02756693 0.01145877 0.00878274 0.03716781 0.02105371
 0.0119057  0.05267224 0.04299038 0.02305621 0.07247571 0.162628
 0.21625511 0.231021  ]",0.011734953220172484,"[-0.13900942  0.11369126  0.11330919 -0.13994728  0.17053483  0.19647115
  0.06641623 -0.03111487 -0.07398897  0.06871611]",0.03432167076498402,[1. 1. 1. 1. 1. 1. 1. 1. 1. 1.],1.0000999999995508
29,10000,9,10,1,1,20.0,"[       nan 0.02562197 0.00382374 0.00197751 0.03745183 0.00563688
 0.0064537  0.02756693 0.01145877 0.00878274 0.03716781 0.02105371
 0.0119057  0.05267224 0.04299038 0.02305621 0.07247571 0.162628
 0.21625511 0.231021  ]",0.010118746532727929,"[-0.02727759  0.09137741  0.01445511  0.09844003  0.06124322  0.0477737
 -0.05754234  0.16767782  0.07724825  0.01712442]",0.03183232907920312,[1. 1. 1. 1. 1. 1. 1. 1. 1. 1.],1.0000999999998652
30,10000,0,10,1,2,29.0,"[       nan        nan 0.00117202 0.00094549 0.00080433 0.00039643
 0.00553975 0.00169013 0.00066913 0.00907877 0.00208657 0.0012304
 0.00288134 0.00307912 0.00279026 0.00547748 0.00555807 0.00399723
 0.01032449 0.00680901 0.00424382 0.02662023 0.01236527 0.02812674
 0.03923791 0.06982712 0.17304288 0.20569158 0.37631434]",0.016026631100266586,"[ 0.1313045   0.01967489  0.05870577  0.14418657  0.14112638 -0.07928029
  0.07180139  0.03693754 -0.02358143  0.02559751]",0.04014412668358923,[1. 1. 1. 1. 1. 1. 1. 1. 1. 1.],1.000099999999363
31,10000,1,10,1,2,29.0,"[       nan        nan 0.00117202 0.00094549 0.00080433 0.00039643
 0.00553975 0.00169013 0.00066913 0.00907877 0.00208657 0.0012304
 0.00288134 0.00307912 0.00279026 0.00547748 0.00555807 0.00399723
 0.01032449 0.00680901 0.00424382 0.02662023 0.01236527 0.02812674
 0.03923791 0.06982712 0.17304288 0.20569158 0.37631434]",0.01706272993715241,"[-0.0084026   0.10215932  0.01424929 -0.02154416  0.00831764 -0.00390149
  0.0739172  -0.03288715  0.02221264 -0.05242366]",0.04141268174919369,[1. 1. 1. 1. 1. 1. 1. 1. 1. 1.],1.0000999999998603
32,10000,2,10,1,2,29.0,"[       nan        nan 0.00117202 0.00094549 0.00080433 0.00039643
 0.00553975 0.00169013 0.00066913 0.00907877 0.00208657 0.0012304
 0.00288134 0.00307912 0.00279026 0.00547748 0.00555807 0.00399723
 0.01032449 0.00680901 0.00424382 0.02662023 0.01236527 0.02812674
 0.03923791 0.06982712 0.17304288 0.20569158 0.37631434]",0.01651198619775407,"[-0.17613252  0.03509671  0.11042022 -0.03476689  0.18979079 -0.10590722
 -0.00074891 -0.00349942  0.08966641  0.14380534]",0.040724285424062937,[1. 1. 1. 1. 1. 1. 1. 1. 1. 1.],1.0000999999995102
33,10000,3,10,1,2,29.0,"[       nan        nan 0.00117202 0.00094549 0.00080433 0.00039643
 0.00553975 0.00169013 0.00066913 0.00907877 0.00208657 0.0012304
 0.00288134 0.00307912 0.00279026 0.00547748 0.00555807 0.00399723
 0.01032449 0.00680901 0.00424382 0.02662023 0.01236527 0.02812674
 0.03923791 0.06982712 0.17304288 0.20569158 0.37631434]",0.020530991139806387,"[ 0.03970244  0.02681242 -0.08932852 -0.11194394  0.03198618 -0.02260668
  0.07607732  0.08242164 -0.04720936  0.02205375]",0.04540493545943018,[1. 1. 1. 1. 1. 1. 1. 1. 1. 1.],1.0000999999998499
34,10000,4,10,1,2,29.0,"[       nan        nan 0.00117202 0.00094549 0.00080433 0.00039643
 0.00553975 0.00169013 0.00066913 0.00907877 0.00208657 0.0012304
 0.00288134 0.00307912 0.00279026 0.00547748 0.00555807 0.00399723
 0.01032449 0.00680901 0.00424382 0.02662023 0.01236527 0.02812674
 0.03923791 0.06982712 0.17304288 0.20569158 0.37631434]",0.009623681272038942,"[-0.10052735 -0.08875789 -0.14076263  0.15332046 -0.04034143 -0.08532298
 -0.10195416  0.07574831 -0.11808785 -0.01527825]",0.031085466967530024,[1. 1. 1. 1. 1. 1. 1. 1. 1. 1.],1.0000999999997073
35,10000,5,10,1,2,29.0,"[       nan        nan 0.00117202 0.00094549 0.00080433 0.00039643
 0.00553975 0.00169013 0.00066913 0.00907877 0.00208657 0.0012304
 0.00288134 0.00307912 0.00279026 0.00547748 0.00555807 0.00399723
 0.01032449 0.00680901 0.00424382 0.02662023 0.01236527 0.02812674
 0.03923791 0.06982712 0.17304288 0.20569158 0.37631434]",0.007888122725496993,"[-0.04736278  0.03900744 -0.04498295 -0.0866923  -0.01192144  0.0102648
 -0.03706083  0.05706972 -0.08454514 -0.06059448]",0.028108806876818285,[1. 1. 1. 1. 1. 1. 1. 1. 1. 1.],1.000099999999938
36,10000,6,10,1,2,29.0,"[       nan        nan 0.00117202 0.00094549 0.00080433 0.00039643
 0.00553975 0.00169013 0.00066913 0.00907877 0.00208657 0.0012304
 0.00288134 0.00307912 0.00279026 0.00547748 0.00555807 0.00399723
 0.01032449 0.00680901 0.00424382 0.02662023 0.01236527 0.02812674
 0.03923791 0.06982712 0.17304288 0.20569158 0.37631434]",0.00549696514418585,"[-0.04045619 -0.00933668 -0.05823997 -0.14415634  0.05880041 -0.04740742
 -0.13351196  0.05643239 -0.09352719  0.0083349 ]",0.02342176708990995,[1. 1. 1. 1. 1. 1. 1. 1. 1. 1.],1.0000999999996636
37,10000,7,10,1,2,29.0,"[       nan        nan 0.00117202 0.00094549 0.00080433 0.00039643
 0.00553975 0.00169013 0.00066913 0.00907877 0.00208657 0.0012304
 0.00288134 0.00307912 0.00279026 0.00547748 0.00555807 0.00399723
 0.01032449 0.00680901 0.00424382 0.02662023 0.01236527 0.02812674
 0.03923791 0.06982712 0.17304288 0.20569158 0.37631434]",0.007620349560207629,"[ 0.01381191 -0.01683279  0.06832738 -0.09664137  0.03756024 -0.04876111
 -0.1021795  -0.06159743 -0.03521838  0.01235007]",0.027583686929133728,[1. 1. 1. 1. 1. 1. 1. 1. 1. 1.],1.000099999999875
38,10000,8,10,1,2,29.0,"[       nan        nan 0.00117202 0.00094549 0.00080433 0.00039643
 0.00553975 0.00169013 0.00066913 0.00907877 0.00208657 0.0012304
 0.00288134 0.00307912 0.00279026 0.00547748 0.00555807 0.00399723
 0.01032449 0.00680901 0.00424382 0.02662023 0.01236527 0.02812674
 0.03923791 0.06982712 0.17304288 0.20569158 0.37631434]",0.008870925669695051,"[-0.0840297   0.05219339  0.05454672 -0.12974566  0.1117514   0.15822364
  0.11433886 -0.02926219 -0.05730138  0.07433994]",0.02977306621021246,[1. 1. 1. 1. 1. 1. 1. 1. 1. 1.],1.0000999999991766
39,10000,9,10,1,2,29.0,"[       nan        nan 0.00117202 0.00094549 0.00080433 0.00039643
 0.00553975 0.00169013 0.00066913 0.00907877 0.00208657 0.0012304
 0.00288134 0.00307912 0.00279026 0.00547748 0.00555807 0.00399723
 0.01032449 0.00680901 0.00424382 0.02662023 0.01236527 0.02812674
 0.03923791 0.06982712 0.17304288 0.20569158 0.37631434]",0.008030278700731808,"[-0.03301038  0.10422911  0.05375293  0.09270293  0.05304914  0.00568295
 -0.01725766  0.15295923  0.04335234  0.05595998]",0.028321649844739484,[1. 1. 1. 1. 1. 1. 1. 1. 1. 1.],1.0000999999997147
40,10000,0,10,1,5,10.0,"[       nan        nan 0.00252235 0.00081715 0.00127965 0.00618502
 0.00846604 0.03306689 0.22159688 0.72606599]",0.005804512426867303,"[ 0.17740506  0.0087989   0.05128881  0.23025951  0.16737579 -0.09089784
  0.09861606 -0.01120841  0.00348717 -0.00361333]",0.024128135382853747,[1. 1. 1. 1. 1. 1. 1. 1. 1. 1.],1.0000999999996596
41,10000,1,10,1,5,10.0,"[       nan        nan 0.00252235 0.00081715 0.00127965 0.00618502
 0.00846604 0.03306689 0.22159688 0.72606599]",0.03899839441085251,"[ 0.0454808   0.17673127  0.2061338   0.05934992  0.07864195  0.01374371
  0.25555435 -0.08092196  0.07549649 -0.10699403]",0.0627949927639652,[1. 1. 1. 1. 1. 1. 1. 1. 1. 1.],1.0000999999992595
42,10000,2,10,1,5,10.0,"[       nan        nan 0.00252235 0.00081715 0.00127965 0.00618502
 0.00846604 0.03306689 0.22159688 0.72606599]",0.032136614345458225,"[-0.24474883  0.09680481  0.16604403 -0.1621218   0.2550365  -0.10813945
 -0.01408559  0.03520231  0.2581163   0.1733887 ]",0.056902394721505635,[1. 1. 1. 1. 1. 1. 1. 1. 1. 1.],1.000099999998525
43,10000,3,10,1,5,10.0,"[       nan        nan 0.00252235 0.00081715 0.00127965 0.00618502
 0.00846604 0.03306689 0.22159688 0.72606599]",0.015690620828898494,"[ 0.02360654  0.03537702 -0.10603563 -0.19582991 -0.07173723  0.06347273
  0.1505942   0.1634815   0.04798112 -0.07306062]",0.03972245113581156,[1. 1. 1. 1. 1. 1. 1. 1. 1. 1.],1.0000999999992557
44,10000,4,10,1,5,10.0,"[       nan        nan 0.00252235 0.00081715 0.00127965 0.00618502
 0.00846604 0.03306689 0.22159688 0.72606599]",0.04011442389713071,"[-0.21439388 -0.10349144 -0.11604027  0.2861181  -0.01668763 -0.04061643
 -0.14115943  0.14457966 -0.2581272  -0.03320935]",0.06366222442153383,[1. 1. 1. 1. 1. 1. 1. 1. 1. 1.],1.0000999999991351
45,10000,5,10,1,5,10.0,"[       nan        nan 0.00252235 0.00081715 0.00127965 0.00618502
 0.00846604 0.03306689 0.22159688 0.72606599]",0.03494797882076672,"[-0.17071427  0.00779323 -0.06347004 -0.15733506  0.0472926   0.08403388
 -0.0521494   0.1236751  -0.15426956 -0.06669443]",0.059392932414458796,[1. 1. 1. 1. 1. 1. 1. 1. 1. 1.],1.0000999999993463
46,10000,6,10,1,5,10.0,"[       nan        nan 0.00252235 0.00081715 0.00127965 0.00618502
 0.00846604 0.03306689 0.22159688 0.72606599]",0.04412508735991749,"[-0.17592713  0.00288055 -0.04500728 -0.24223639  0.07000241 -0.12722072
 -0.28233415  0.02539374 -0.06635959  0.00877589]",0.06685405005174685,[1. 1. 1. 1. 1. 1. 1. 1. 1. 1.],1.0000999999987736
47,10000,7,10,1,5,10.0,"[       nan        nan 0.00252235 0.00081715 0.00127965 0.00618502
 0.00846604 0.03306689 0.22159688 0.72606599]",0.06520347483189481,"[ 0.11799592 -0.01361002  0.1750836  -0.19920972  0.09420776 -0.09159578
 -0.22236376 -0.19452181  0.08133565 -0.02277125]",0.0813912229860059,[1. 1. 1. 1. 1. 1. 1. 1. 1. 1.],1.0000999999990516
48,10000,8,10,1,5,10.0,"[       nan        nan 0.00252235 0.00081715 0.00127965 0.00618502
 0.00846604 0.03306689 0.22159688 0.72606599]",0.05822185244199418,"[-0.1696044   0.06869367  0.1366848  -0.26990992  0.10041578  0.3030947
  0.14499344 -0.11087359 -0.1935141   0.0702232 ]",0.07689780601032259,[1. 1. 1. 1. 1. 1. 1. 1. 1. 1.],1.000099999998099
49,10000,9,10,1,5,10.0,"[       nan        nan 0.00252235 0.00081715 0.00127965 0.00618502
 0.00846604 0.03306689 0.22159688 0.72606599]",0.008428705313172635,"[ 0.00592907  0.11606412  0.01236195  0.10324495  0.06261007  0.08398056
 -0.03157119  0.23059626  0.04810059  0.05961926]",0.029092940739683392,[1. 1. 1. 1. 1. 1. 1. 1. 1. 1.],1.000099999999633
50,10000,0,10,1,10,3.0,[       nan 0.0914636  0.90853637],0.015147867180806296,"[ 0.15417312  0.00158532  0.05094581  0.15019475  0.1680197  -0.043342
  0.05954126 -0.01281769  0.02480086  0.03414084]",0.039034733066964526,[1. 1. 1. 1. 1. 1. 1. 1. 1. 1.],1.00009999999928
51,10000,1,10,1,10,3.0,[       nan 0.0914636  0.90853637],0.013463874812104759,"[-0.00110229  0.0848137   0.06089236  0.0635673   0.03744281  0.03932615
  0.09989289 -0.01736969  0.02811501 -0.02124414]",0.036790459656395325,[1. 1. 1. 1. 1. 1. 1. 1. 1. 1.],1.0000999999998776
52,10000,2,10,1,10,3.0,[       nan 0.0914636  0.90853637],0.012839508038542835,"[-0.26677847  0.13087028  0.12907812 -0.10029027  0.2103202  -0.16499591
  0.01180184  0.00964274  0.17570376  0.08499066]",0.0358940557852925,[1. 1. 1. 1. 1. 1. 1. 1. 1. 1.],1.0000999999981137
53,10000,3,10,1,10,3.0,[       nan 0.0914636  0.90853637],0.021104845133681716,"[ 0.02046139  0.03630101 -0.02318454 -0.12604505 -0.02788107  0.01274564
  0.06361276  0.0418227  -0.00199438 -0.00576368]",0.04603297893249717,[1. 1. 1. 1. 1. 1. 1. 1. 1. 1.],1.0000999999998452
54,10000,4,10,1,10,3.0,[       nan 0.0914636  0.90853637],0.010662444180297381,"[-0.08823203 -0.10490536 -0.11278997  0.15898672 -0.05810143 -0.04344761
 -0.11729574  0.0373821  -0.11330536 -0.04244631]",0.032691222151446826,[1. 1. 1. 1. 1. 1. 1. 1. 1. 1.],1.0000999999993039
55,10000,5,10,1,10,3.0,[       nan 0.0914636  0.90853637],0.012347697764131693,"[-0.02441211  0.05955876 -0.00870241 -0.09514083  0.02301358  0.06641454
  0.02909957  0.06971706 -0.05848588  0.00898365]",0.035240107248483546,[1. 1. 1. 1. 1. 1. 1. 1. 1. 1.],1.0000999999998688
56,10000,6,10,1,10,3.0,[       nan 0.0914636  0.90853637],0.014711865445363737,"[-0.04897866 -0.03859405 -0.0593922  -0.13420796 -0.00770268 -0.01116796
 -0.06927992  0.03982263 -0.04863641  0.02439941]",0.03842145185049436,[1. 1. 1. 1. 1. 1. 1. 1. 1. 1.],1.0000999999995708
57,10000,7,10,1,10,3.0,[       nan 0.0914636  0.90853637],0.006544767409025987,"[ 0.02678985  0.0229813   0.10779306 -0.09660704  0.04752558 -0.02062054
 -0.06367334 -0.0520286  -0.0355314   0.03324167]",0.02555617659420404,[1. 1. 1. 1. 1. 1. 1. 1. 1. 1.],1.0000999999997306
58,10000,8,10,1,10,3.0,[       nan 0.0914636  0.90853637],0.010763423879204481,"[-0.05775624  0.0677899   0.07631776 -0.1317103   0.10463172  0.12948433
  0.10465158 -0.00875795 -0.09674422  0.09876017]",0.032829949285929236,[1. 1. 1. 1. 1. 1. 1. 1. 1. 1.],1.0000999999998383
59,10000,9,10,1,10,3.0,[       nan 0.0914636  0.90853637],0.0061774685555067155,"[-0.06930886  0.08184315  0.00985908  0.08873384  0.0142108   0.06680242
 -0.02345884  0.15621045  0.00483798 -0.00325378]",0.024833461358559707,[1. 1. 1. 1. 1. 1. 1. 1. 1. 1.],1.0000999999992986
